// Generated from assets/argus-mark.svg. LVGL 8 RGB565 + alpha.
#pragma once
#include <lvgl.h>
static const uint8_t argusLogoPixels[] = {
  0x00, 0x00, 0x00, 0x00, 0x00, 0x00, 0x00, 0x00, 0x00, 0x00, 0x00, 0x00, 0x00, 0x00, 0x00, 0x00, 0x00, 0x00, 0x00, 0x00, 0x00, 0x00, 0x00, 0x00,
  0x00, 0x00, 0x00, 0x00, 0x00, 0x00, 0x00, 0x00, 0x00, 0x00, 0x00, 0x00, 0x00, 0x00, 0x00, 0x00, 0x00, 0x00, 0x00, 0x00, 0x00, 0x00, 0x00, 0x00,
  0x00, 0x00, 0x00, 0x00, 0x00, 0x00, 0x00, 0x00, 0x00, 0x00, 0x00, 0x00, 0x00, 0x00, 0x00, 0x00, 0x00, 0x00, 0x00, 0x00, 0x00, 0x00, 0x00, 0x00,
  0x00, 0x00, 0x00, 0x00, 0x00, 0x00, 0x00, 0x00, 0x00, 0x00, 0x00, 0x00, 0x00, 0x00, 0x00, 0x00, 0x00, 0x00, 0x00, 0x00, 0x00, 0x00, 0x00, 0x00,
  0x00, 0x00, 0x00, 0x00, 0x00, 0x00, 0x00, 0x00, 0x00, 0x00, 0x00, 0x00, 0x00, 0x00, 0x00, 0x00, 0x00, 0x00, 0x00, 0x00, 0x00, 0x00, 0x00, 0x00,
  0x00, 0x00, 0x00, 0x00, 0x00, 0x00, 0x00, 0x00, 0x00, 0x00, 0x00, 0x00, 0x00, 0x00, 0x00, 0x00, 0x00, 0x00, 0x00, 0x00, 0x00, 0x00, 0x00, 0x00,
  0x00, 0x00, 0x00, 0x00, 0x00, 0x00, 0x00, 0x00, 0x00, 0x00, 0x00, 0x00, 0x00, 0x00, 0x00, 0x00, 0x00, 0x00, 0x00, 0x00, 0x00, 0x00, 0x00, 0x00,
  0x00, 0x00, 0x00, 0x00, 0x00, 0x00, 0x00, 0x00, 0x00, 0x00, 0x00, 0x00, 0x00, 0x00, 0x00, 0x00, 0x00, 0x00, 0x00, 0x00, 0x00, 0x00, 0x00, 0x00,
  0x00, 0x00, 0x00, 0x00, 0x00, 0x00, 0x00, 0x00, 0x00, 0x00, 0x00, 0x00, 0x00, 0x00, 0x00, 0x00, 0x00, 0x00, 0x00, 0x00, 0x00, 0x00, 0x00, 0x00,
  0x00, 0x00, 0x00, 0x00, 0x00, 0x00, 0x00, 0x00, 0x00, 0x00, 0x00, 0x00, 0x00, 0x00, 0x00, 0x00, 0x00, 0x00, 0x00, 0x00, 0x00, 0x00, 0x00, 0x00,
  0x00, 0x00, 0x00, 0x00, 0x00, 0x00, 0x00, 0x00, 0x00, 0x00, 0x00, 0x00, 0x00, 0x00, 0x00, 0x00, 0x00, 0x00, 0x00, 0x00, 0x00, 0x00, 0x00, 0x00,
  0x00, 0x00, 0x00, 0x00, 0x00, 0x00, 0x00, 0x00, 0x00, 0x00, 0x00, 0x00, 0x00, 0x00, 0x00, 0x00, 0x00, 0x00, 0x00, 0x00, 0x00, 0x00, 0x00, 0x00,
  0x00, 0x00, 0x00, 0x00, 0x00, 0x00, 0x00, 0x00, 0x00, 0x00, 0x00, 0x00, 0x00, 0x00, 0x00, 0x00, 0x00, 0x00, 0x00, 0x00, 0x00, 0x00, 0x00, 0x00,
  0x00, 0x00, 0x00, 0x00, 0x00, 0x00, 0x00, 0x00, 0x00, 0x00, 0x00, 0x00, 0x00, 0x00, 0x00, 0x00, 0x00, 0x00, 0x00, 0x00, 0x00, 0x00, 0x00, 0x00,
  0x00, 0x00, 0x00, 0x00, 0x00, 0x00, 0x00, 0x00, 0x00, 0x00, 0x00, 0x00, 0x00, 0x00, 0x00, 0x00, 0x00, 0x00, 0x00, 0x00, 0x00, 0x00, 0x00, 0x00,
  0x00, 0x00, 0x00, 0x00, 0x00, 0x00, 0x00, 0x00, 0x00, 0x00, 0x00, 0x00, 0x00, 0x00, 0x00, 0x00, 0x00, 0x00, 0x00, 0x00, 0x00, 0x00, 0x00, 0x00,
  0x00, 0x00, 0x00, 0x00, 0x00, 0x00, 0x00, 0x00, 0x00, 0x00, 0x00, 0x00, 0x00, 0x00, 0x00, 0x00, 0x00, 0x00, 0x00, 0x00, 0x00, 0x00, 0x00, 0x00,
  0x00, 0x00, 0x00, 0x00, 0x00, 0x00, 0x00, 0x00, 0x00, 0x00, 0x00, 0x00, 0x00, 0x00, 0x00, 0x00, 0x00, 0x00, 0x00, 0x00, 0x00, 0x00, 0x00, 0x00,
  0x00, 0x00, 0x00, 0x00, 0x00, 0x00, 0x00, 0x00, 0x00, 0x00, 0x00, 0x00, 0x00, 0x00, 0x00, 0x00, 0x00, 0x00, 0x00, 0x00, 0x00, 0x00, 0x00, 0x00,
  0x00, 0x00, 0x00, 0x00, 0x00, 0x00, 0x00, 0x00, 0x00, 0x00, 0x00, 0x00, 0x00, 0x00, 0x00, 0x00, 0x00, 0x00, 0x00, 0x00, 0x00, 0x00, 0x00, 0x00,
  0x00, 0x00, 0x00, 0x00, 0x00, 0x00, 0x00, 0x00, 0x00, 0x00, 0x00, 0x00, 0x00, 0x00, 0x00, 0x00, 0x00, 0x00, 0x00, 0x00, 0x00, 0x00, 0x00, 0x00,
  0x00, 0x00, 0x00, 0x00, 0x00, 0x00, 0x00, 0x00, 0x00, 0x00, 0x00, 0x00, 0x00, 0x00, 0x00, 0x00, 0x00, 0x00, 0x00, 0x00, 0x00, 0x00, 0x00, 0x00,
  0x00, 0x00, 0x00, 0x00, 0x00, 0x00, 0x00, 0x00, 0x00, 0x00, 0x00, 0x00, 0x00, 0x00, 0x00, 0x00, 0x00, 0x00, 0x00, 0x00, 0x00, 0x00, 0x00, 0x00,
  0x00, 0x00, 0x00, 0x00, 0x00, 0x00, 0x00, 0x00, 0x00, 0x00, 0x00, 0x00, 0x00, 0x00, 0x00, 0x00, 0x00, 0x00, 0x00, 0x00, 0x00, 0x00, 0x00, 0x00,
  0x00, 0x00, 0x00, 0x00, 0x00, 0x00, 0x00, 0x00, 0x00, 0x00, 0x00, 0x00, 0x00, 0x00, 0x00, 0x00, 0x00, 0x00, 0x00, 0x00, 0x00, 0x00, 0x00, 0x00,
  0x00, 0x00, 0x00, 0x00, 0x00, 0x00, 0x00, 0x00, 0x00, 0x00, 0x00, 0x00, 0x00, 0x00, 0x00, 0x00, 0x00, 0x00, 0x00, 0x00, 0x00, 0x00, 0x00, 0x00,
  0x00, 0x00, 0x00, 0x00, 0x00, 0x00, 0x00, 0x00, 0x00, 0x00, 0x00, 0x00, 0x00, 0x00, 0x00, 0x00, 0x00, 0x00, 0x00, 0x00, 0x00, 0x00, 0x00, 0x00,
  0x00, 0x00, 0x00, 0x00, 0x00, 0x00, 0x00, 0x00, 0x00, 0x00, 0x00, 0x00, 0x00, 0x00, 0x00, 0x00, 0x00, 0x00, 0x00, 0x00, 0x00, 0x00, 0x00, 0x00,
  0x00, 0x00, 0x00, 0x00, 0x00, 0x00, 0x00, 0x00, 0x00, 0x00, 0x00, 0x00, 0x00, 0x00, 0x00, 0x00, 0x00, 0x00, 0x00, 0x00, 0x00, 0x00, 0x00, 0x00,
  0x00, 0x00, 0x00, 0x00, 0x00, 0x00, 0x00, 0x00, 0x00, 0x00, 0x00, 0x00, 0x00, 0x00, 0x00, 0x00, 0x00, 0x00, 0x00, 0x00, 0x00, 0x00, 0x00, 0x00,
  0x00, 0x00, 0x00, 0x00, 0x00, 0x00, 0x00, 0x00, 0x00, 0x00, 0x00, 0x00, 0x00, 0x00, 0x00, 0x00, 0x00, 0x00, 0x00, 0x00, 0x00, 0x00, 0x00, 0x00,
  0x00, 0x00, 0x00, 0x00, 0x00, 0x00, 0x00, 0x00, 0x00, 0x00, 0x00, 0x00, 0x00, 0x00, 0x00, 0x00, 0x00, 0x00, 0x00, 0x00, 0x00, 0x00, 0x00, 0x00,
  0x00, 0x00, 0x00, 0x00, 0x00, 0x00, 0x00, 0x00, 0x00, 0x00, 0x00, 0x00, 0x00, 0x00, 0x00, 0x00, 0x00, 0x00, 0x4d, 0x03, 0x0c, 0x6c, 0x03, 0x3f,
  0x4d, 0x03, 0x58, 0x6c, 0x03, 0x4d, 0x6c, 0x03, 0x28, 0x00, 0x00, 0x00, 0x00, 0x00, 0x00, 0x00, 0x00, 0x00, 0x00, 0x00, 0x00, 0x00, 0x00, 0x00,
  0x00, 0x00, 0x00, 0x00, 0x00, 0x00, 0x00, 0x00, 0x00, 0x00, 0x00, 0x00, 0x00, 0x00, 0x00, 0x00, 0x00, 0x00, 0x00, 0x00, 0x00, 0x00, 0x00, 0x00,
  0x00, 0x00, 0x00, 0x00, 0x00, 0x00, 0x00, 0x00, 0x00, 0x00, 0x00, 0x00, 0x00, 0x00, 0x00, 0x00, 0x00, 0x00, 0x00, 0x00, 0x00, 0x00, 0x00, 0x00,
  0x00, 0x00, 0x00, 0x00, 0x00, 0x00, 0x00, 0x00, 0x00, 0x00, 0x00, 0x00, 0x00, 0x00, 0x00, 0x00, 0x00, 0x00, 0x00, 0x00, 0x00, 0x00, 0x00, 0x00,
  0x00, 0x00, 0x00, 0x00, 0x00, 0x00, 0x00, 0x00, 0x00, 0x00, 0x00, 0x00, 0x00, 0x00, 0x00, 0x00, 0x00, 0x00, 0x00, 0x00, 0x00, 0x00, 0x00, 0x00,
  0x00, 0x00, 0x00, 0x00, 0x00, 0x00, 0x00, 0x00, 0x00, 0x00, 0x00, 0x00, 0x00, 0x00, 0x00, 0x00, 0x00, 0x00, 0x00, 0x00, 0x00, 0x00, 0x00, 0x00,
  0x00, 0x00, 0x00, 0x00, 0x00, 0x00, 0x00, 0x00, 0x00, 0x00, 0x00, 0x00, 0x00, 0x00, 0x00, 0x00, 0x00, 0x00, 0x00, 0x00, 0x00, 0x00, 0x00, 0x00,
  0x00, 0x00, 0x00, 0x00, 0x00, 0x00, 0x00, 0x00, 0x00, 0x00, 0x00, 0x00, 0x00, 0x00, 0x00, 0x00, 0x00, 0x00, 0x00, 0x00, 0x00, 0x00, 0x00, 0x00,
  0x00, 0x00, 0x00, 0x00, 0x00, 0x00, 0x00, 0x00, 0x00, 0x00, 0x00, 0x00, 0x00, 0x00, 0x00, 0x00, 0x00, 0x00, 0x00, 0x00, 0x00, 0x00, 0x00, 0x00,
  0x00, 0x00, 0x00, 0x00, 0x00, 0x00, 0x00, 0x00, 0x00, 0x00, 0x00, 0x00, 0x00, 0x00, 0x00, 0x00, 0x00, 0x00, 0x00, 0x00, 0x00, 0x00, 0x00, 0x00,
  0x00, 0x00, 0x00, 0x00, 0x00, 0x00, 0x00, 0x00, 0x00, 0x00, 0x00, 0x00, 0x00, 0x00, 0x00, 0x00, 0x00, 0x00, 0x00, 0x00, 0x00, 0x00, 0x00, 0x00,
  0x00, 0x00, 0x00, 0x00, 0x00, 0x00, 0x00, 0x00, 0x00, 0x00, 0x00, 0x00, 0x6c, 0x03, 0x25, 0x6c, 0x03, 0xa7, 0x6c, 0x03, 0xf7, 0x6c, 0x03, 0xff,
  0x6c, 0x03, 0xff, 0x6c, 0x03, 0xff, 0x6c, 0x03, 0xff, 0x4c, 0x03, 0xda, 0x6c, 0x03, 0x63, 0xaa, 0x02, 0x03, 0x00, 0x00, 0x00, 0x00, 0x00, 0x00,
  0x00, 0x00, 0x00, 0x00, 0x00, 0x00, 0x00, 0x00, 0x00, 0x00, 0x00, 0x00, 0x00, 0x00, 0x00, 0x00, 0x00, 0x00, 0x00, 0x00, 0x00, 0x00, 0x00, 0x00,
  0x00, 0x00, 0x00, 0x00, 0x00, 0x00, 0x00, 0x00, 0x00, 0x00, 0x00, 0x00, 0x00, 0x00, 0x00, 0x00, 0x00, 0x00, 0x00, 0x00, 0x00, 0x00, 0x00, 0x00,
  0x00, 0x00, 0x00, 0x00, 0x00, 0x00, 0x00, 0x00, 0x00, 0x00, 0x00, 0x00, 0x00, 0x00, 0x00, 0x00, 0x00, 0x00, 0x00, 0x00, 0x00, 0x00, 0x00, 0x00,
  0x00, 0x00, 0x00, 0x00, 0x00, 0x00, 0x00, 0x00, 0x00, 0x00, 0x00, 0x00, 0x00, 0x00, 0x00, 0x00, 0x00, 0x00, 0x00, 0x00, 0x00, 0x00, 0x00, 0x00,
  0x00, 0x00, 0x00, 0x00, 0x00, 0x00, 0x00, 0x00, 0x00, 0x00, 0x00, 0x00, 0x00, 0x00, 0x00, 0x00, 0x00, 0x00, 0x00, 0x00, 0x00, 0x00, 0x00, 0x00,
  0x00, 0x00, 0x00, 0x00, 0x00, 0x00, 0x00, 0x00, 0x00, 0x00, 0x00, 0x00, 0x00, 0x00, 0x00, 0x00, 0x00, 0x00, 0x00, 0x00, 0x00, 0x00, 0x00, 0x00,
  0x00, 0x00, 0x00, 0x00, 0x00, 0x00, 0x00, 0x00, 0x00, 0x00, 0x00, 0x00, 0x00, 0x00, 0x00, 0x00, 0x00, 0x00, 0x00, 0x00, 0x00, 0x00, 0x00, 0x00,
  0x00, 0x00, 0x00, 0x00, 0x00, 0x00, 0x00, 0x00, 0x00, 0x00, 0x00, 0x00, 0x00, 0x00, 0x00, 0x00, 0x00, 0x00, 0x00, 0x00, 0x00, 0x00, 0x00, 0x00,
  0x00, 0x00, 0x00, 0x00, 0x00, 0x00, 0x00, 0x00, 0x00, 0x00, 0x00, 0x00, 0x00, 0x00, 0x00, 0x00, 0x00, 0x00, 0x00, 0x00, 0x00, 0x00, 0x00, 0x00,
  0x00, 0x00, 0x00, 0x00, 0x00, 0x00, 0x00, 0x00, 0x00, 0x00, 0x00, 0x00, 0x00, 0x00, 0x00, 0x00, 0x00, 0x00, 0x00, 0x00, 0x00, 0x00, 0x00, 0x00,
  0x00, 0x00, 0x00, 0x00, 0x00, 0x00, 0x00, 0x00, 0x00, 0x6c, 0x03, 0x57, 0x4c, 0x03, 0xf6, 0x6c, 0x03, 0xff, 0x6c, 0x03, 0xff, 0x6c, 0x03, 0xff,
  0x6c, 0x03, 0xff, 0x6c, 0x03, 0xff, 0x6c, 0x03, 0xff, 0x6c, 0x03, 0xff, 0x6c, 0x03, 0xff, 0x6c, 0x03, 0xba, 0x4d, 0x03, 0x11, 0x00, 0x00, 0x00,
  0x00, 0x00, 0x00, 0x00, 0x00, 0x00, 0x00, 0x00, 0x00, 0x00, 0x00, 0x00, 0x00, 0x00, 0x00, 0x00, 0x00, 0x00, 0x00, 0x00, 0x00, 0x00, 0x00, 0x00,
  0x00, 0x00, 0x00, 0x00, 0x00, 0x00, 0x00, 0x00, 0x00, 0x00, 0x00, 0x00, 0x00, 0x00, 0x00, 0x00, 0x00, 0x00, 0x00, 0x00, 0x00, 0x00, 0x00, 0x00,
  0x00, 0x00, 0x00, 0x00, 0x00, 0x00, 0x00, 0x00, 0x00, 0x00, 0x00, 0x00, 0x00, 0x00, 0x00, 0x00, 0x00, 0x00, 0x00, 0x00, 0x00, 0x00, 0x00, 0x00,
  0x00, 0x00, 0x00, 0x00, 0x00, 0x00, 0x00, 0x00, 0x00, 0x00, 0x00, 0x00, 0x00, 0x00, 0x00, 0x00, 0x00, 0x00, 0x00, 0x00, 0x00, 0x00, 0x00, 0x00,
  0x00, 0x00, 0x00, 0x00, 0x00, 0x00, 0x00, 0x00, 0x00, 0x00, 0x00, 0x00, 0x00, 0x00, 0x00, 0x00, 0x00, 0x00, 0x00, 0x00, 0x00, 0x00, 0x00, 0x00,
  0x00, 0x00, 0x00, 0x00, 0x00, 0x00, 0x00, 0x00, 0x00, 0x00, 0x00, 0x00, 0x00, 0x00, 0x00, 0x00, 0x00, 0x00, 0x00, 0x00, 0x00, 0x00, 0x00, 0x00,
  0x00, 0x00, 0x00, 0x00, 0x00, 0x00, 0x00, 0x00, 0x00, 0x00, 0x00, 0x00, 0x00, 0x00, 0x00, 0x00, 0x00, 0x00, 0x00, 0x00, 0x00, 0x00, 0x00, 0x00,
  0x00, 0x00, 0x00, 0x00, 0x00, 0x00, 0x00, 0x00, 0x00, 0x00, 0x00, 0x00, 0x00, 0x00, 0x00, 0x00, 0x00, 0x00, 0x00, 0x00, 0x00, 0x00, 0x00, 0x00,
  0x00, 0x00, 0x00, 0x00, 0x00, 0x00, 0x00, 0x00, 0x00, 0x00, 0x00, 0x00, 0x00, 0x00, 0x00, 0x00, 0x00, 0x00, 0x00, 0x00, 0x00, 0x00, 0x00, 0x00,
  0x00, 0x00, 0x00, 0x00, 0x00, 0x00, 0x00, 0x00, 0x00, 0x00, 0x00, 0x00, 0x00, 0x00, 0x00, 0x00, 0x00, 0x00, 0x00, 0x00, 0x00, 0x00, 0x00, 0x00,
  0x00, 0x00, 0x00, 0x00, 0x00, 0x00, 0x6c, 0x03, 0x49, 0x6c, 0x03, 0xfc, 0x6c, 0x03, 0xff, 0x6c, 0x03, 0xff, 0x6c, 0x03, 0xff, 0x6c, 0x03, 0xff,
  0x6c, 0x03, 0xff, 0x6c, 0x03, 0xff, 0x6c, 0x03, 0xff, 0x6c, 0x03, 0xff, 0x6c, 0x03, 0xff, 0x6c, 0x03, 0xff, 0x4c, 0x03, 0xc4, 0x6d, 0x03, 0x07,
  0x00, 0x00, 0x00, 0x00, 0x00, 0x00, 0x00, 0x00, 0x00, 0x00, 0x00, 0x00, 0x00, 0x00, 0x00, 0x00, 0x00, 0x00, 0x00, 0x00, 0x00, 0x00, 0x00, 0x00,
  0x00, 0x00, 0x00, 0x00, 0x00, 0x00, 0x00, 0x00, 0x00, 0x00, 0x00, 0x00, 0x00, 0x00, 0x00, 0x00, 0x00, 0x00, 0x00, 0x00, 0x00, 0x00, 0x00, 0x00,
  0x00, 0x00, 0x00, 0x00, 0x00, 0x00, 0x00, 0x00, 0x00, 0x00, 0x00, 0x00, 0x00, 0x00, 0x00, 0x00, 0x00, 0x00, 0x00, 0x00, 0x00, 0x00, 0x00, 0x00,
  0x00, 0x00, 0x00, 0x00, 0x00, 0x00, 0x00, 0x00, 0x00, 0x00, 0x00, 0x00, 0x00, 0x00, 0x00, 0x00, 0x00, 0x00, 0x00, 0x00, 0x00, 0x00, 0x00, 0x00,
  0x00, 0x00, 0x00, 0x00, 0x00, 0x00, 0x00, 0x00, 0x00, 0x00, 0x00, 0x00, 0x00, 0x00, 0x00, 0x00, 0x00, 0x00, 0x00, 0x00, 0x00, 0x00, 0x00, 0x00,
  0x00, 0x00, 0x00, 0x00, 0x00, 0x00, 0x00, 0x00, 0x00, 0x00, 0x00, 0x00, 0x00, 0x00, 0x00, 0x00, 0x00, 0x00, 0x00, 0x00, 0x00, 0x00, 0x00, 0x00,
  0x00, 0x00, 0x00, 0x00, 0x00, 0x00, 0x00, 0x00, 0x00, 0x00, 0x00, 0x00, 0x00, 0x00, 0x00, 0x00, 0x00, 0x00, 0x00, 0x00, 0x00, 0x00, 0x00, 0x00,
  0x00, 0x00, 0x00, 0x00, 0x00, 0x00, 0x00, 0x00, 0x00, 0x00, 0x00, 0x00, 0x00, 0x00, 0x00, 0x00, 0x00, 0x00, 0x00, 0x00, 0x00, 0x00, 0x00, 0x00,
  0x00, 0x00, 0x00, 0x00, 0x00, 0x00, 0x00, 0x00, 0x00, 0x00, 0x00, 0x00, 0x00, 0x00, 0x00, 0x00, 0x00, 0x00, 0x00, 0x00, 0x00, 0x00, 0x00, 0x00,
  0x00, 0x00, 0x00, 0x00, 0x00, 0x00, 0x00, 0x00, 0x00, 0x00, 0x00, 0x00, 0x00, 0x00, 0x00, 0x00, 0x00, 0x00, 0x00, 0x00, 0x00, 0x00, 0x00, 0x00,
  0x00, 0x00, 0x00, 0x4d, 0x03, 0x13, 0x4c, 0x03, 0xef, 0x6c, 0x03, 0xff, 0x6c, 0x03, 0xff, 0x6c, 0x03, 0xff, 0x6c, 0x03, 0xff, 0x6c, 0x03, 0xff,
  0x6c, 0x03, 0xff, 0x6c, 0x03, 0xff, 0x6c, 0x03, 0xff, 0x6c, 0x03, 0xff, 0x6c, 0x03, 0xff, 0x6c, 0x03, 0xff, 0x6c, 0x03, 0xff, 0x4c, 0x03, 0x7e,
  0x00, 0x00, 0x00, 0x00, 0x00, 0x00, 0x00, 0x00, 0x00, 0x00, 0x00, 0x00, 0x00, 0x00, 0x00, 0x00, 0x00, 0x00, 0x00, 0x00, 0x00, 0x00, 0x00, 0x00,
  0x00, 0x00, 0x00, 0x00, 0x00, 0x00, 0x00, 0x00, 0x00, 0x00, 0x00, 0x00, 0x00, 0x00, 0x00, 0x00, 0x00, 0x00, 0x00, 0x00, 0x00, 0x00, 0x00, 0x00,
  0x00, 0x00, 0x00, 0x00, 0x00, 0x00, 0x00, 0x00, 0x00, 0x00, 0x00, 0x00, 0x00, 0x00, 0x00, 0x00, 0x00, 0x00, 0x00, 0x00, 0x00, 0x00, 0x00, 0x00,
  0x00, 0x00, 0x00, 0x00, 0x00, 0x00, 0x00, 0x00, 0x00, 0x00, 0x00, 0x00, 0x00, 0x00, 0x00, 0x00, 0x00, 0x00, 0x00, 0x00, 0x00, 0x00, 0x00, 0x00,
  0x00, 0x00, 0x00, 0x00, 0x00, 0x00, 0x00, 0x00, 0x00, 0x00, 0x00, 0x00, 0x00, 0x00, 0x00, 0x00, 0x00, 0x00, 0x00, 0x00, 0x00, 0x00, 0x00, 0x00,
  0x00, 0x00, 0x00, 0x00, 0x00, 0x00, 0x00, 0x00, 0x00, 0x00, 0x00, 0x00, 0x00, 0x00, 0x00, 0x00, 0x00, 0x00, 0x00, 0x00, 0x00, 0x00, 0x00, 0x00,
  0x00, 0x00, 0x00, 0x00, 0x00, 0x00, 0x00, 0x00, 0x00, 0x00, 0x00, 0x00, 0x00, 0x00, 0x00, 0x00, 0x00, 0x00, 0x00, 0x00, 0x00, 0x00, 0x00, 0x00,
  0x00, 0x00, 0x00, 0x00, 0x00, 0x00, 0x00, 0x00, 0x00, 0x00, 0x00, 0x00, 0x00, 0x00, 0x00, 0x00, 0x00, 0x00, 0x00, 0x00, 0x00, 0x00, 0x00, 0x00,
  0x00, 0x00, 0x00, 0x00, 0x00, 0x00, 0x00, 0x00, 0x00, 0x00, 0x00, 0x00, 0x00, 0x00, 0x00, 0x00, 0x00, 0x00, 0x00, 0x00, 0x00, 0x00, 0x00, 0x00,
  0x00, 0x00, 0x00, 0x00, 0x00, 0x00, 0x00, 0x00, 0x00, 0x00, 0x00, 0x00, 0x00, 0x00, 0x00, 0x00, 0x00, 0x00, 0x00, 0x00, 0x00, 0x00, 0x00, 0x00,
  0x00, 0x00, 0x00, 0x4c, 0x03, 0x83, 0x6c, 0x03, 0xff, 0x6c, 0x03, 0xff, 0x6c, 0x03, 0xff, 0x6c, 0x03, 0xff, 0x6c, 0x03, 0xff, 0x6c, 0x03, 0xff,
  0x6c, 0x03, 0xff, 0x6c, 0x03, 0xff, 0x6c, 0x03, 0xff, 0x6c, 0x03, 0xff, 0x6c, 0x03, 0xff, 0x6c, 0x03, 0xff, 0x6c, 0x03, 0xff, 0x6c, 0x03, 0xf3,
  0xac, 0x03, 0x0d, 0x00, 0x00, 0x00, 0x00, 0x00, 0x00, 0x00, 0x00, 0x00, 0x00, 0x00, 0x00, 0x00, 0x00, 0x00, 0x00, 0x00, 0x00, 0x00, 0x00, 0x00,
  0x00, 0x00, 0x00, 0x00, 0x00, 0x00, 0x00, 0x00, 0x00, 0x00, 0x00, 0x00, 0x00, 0x00, 0x00, 0x00, 0x00, 0x00, 0x00, 0x00, 0x00, 0x00, 0x00, 0x00,
  0x00, 0x00, 0x00, 0x00, 0x00, 0x00, 0x00, 0x00, 0x00, 0x00, 0x00, 0x00, 0x00, 0x00, 0x00, 0x00, 0x00, 0x00, 0x00, 0x00, 0x00, 0x00, 0x00, 0x00,
  0x00, 0x00, 0x00, 0x00, 0x00, 0x00, 0x00, 0x00, 0x00, 0x00, 0x00, 0x00, 0x00, 0x00, 0x00, 0x00, 0x00, 0x00, 0x00, 0x00, 0x00, 0x00, 0x00, 0x00,
  0x00, 0x00, 0x00, 0x00, 0x00, 0x00, 0x00, 0x00, 0x00, 0x00, 0x00, 0x00, 0x00, 0x00, 0x00, 0x00, 0x00, 0x00, 0x00, 0x00, 0x00, 0x00, 0x00, 0x00,
  0x00, 0x00, 0x00, 0x00, 0x00, 0x00, 0x00, 0x00, 0x00, 0x00, 0x00, 0x00, 0x00, 0x00, 0x00, 0x00, 0x00, 0x00, 0x00, 0x00, 0x00, 0x00, 0x00, 0x00,
  0x00, 0x00, 0x00, 0x00, 0x00, 0x00, 0x00, 0x00, 0x00, 0x00, 0x00, 0x00, 0x00, 0x00, 0x00, 0x00, 0x00, 0x00, 0x00, 0x00, 0x00, 0x00, 0x00, 0x00,
  0x00, 0x00, 0x00, 0x00, 0x00, 0x00, 0x00, 0x00, 0x00, 0x00, 0x00, 0x00, 0x00, 0x00, 0x00, 0x00, 0x00, 0x00, 0x00, 0x00, 0x00, 0x00, 0x00, 0x00,
  0x00, 0x00, 0x00, 0x00, 0x00, 0x00, 0x00, 0x00, 0x00, 0x00, 0x00, 0x00, 0x00, 0x00, 0x00, 0x00, 0x00, 0x00, 0x00, 0x00, 0x00, 0x00, 0x00, 0x00,
  0x00, 0x00, 0x00, 0x00, 0x00, 0x00, 0x00, 0x00, 0x00, 0x00, 0x00, 0x00, 0x00, 0x00, 0x00, 0x00, 0x00, 0x00, 0x00, 0x00, 0x00, 0x00, 0x00, 0x00,
  0x00, 0x00, 0x00, 0x4c, 0x03, 0xd7, 0x6c, 0x03, 0xff, 0x6c, 0x03, 0xff, 0x6c, 0x03, 0xff, 0x6c, 0x03, 0xff, 0x6c, 0x03, 0xff, 0x6c, 0x03, 0xff,
  0x6c, 0x03, 0xff, 0x6c, 0x03, 0xff, 0x6c, 0x03, 0xff, 0x6c, 0x03, 0xff, 0x6c, 0x03, 0xff, 0x6c, 0x03, 0xff, 0x6c, 0x03, 0xff, 0x6c, 0x03, 0xff,
  0x6c, 0x03, 0x55, 0x00, 0x00, 0x00, 0x00, 0x00, 0x00, 0x00, 0x00, 0x00, 0x00, 0x00, 0x00, 0x00, 0x00, 0x00, 0x00, 0x00, 0x00, 0x00, 0x00, 0x00,
  0x00, 0x00, 0x00, 0x00, 0x00, 0x00, 0x00, 0x00, 0x00, 0x00, 0x00, 0x00, 0x00, 0x00, 0x00, 0x00, 0x00, 0x00, 0x00, 0x00, 0x00, 0x00, 0x00, 0x00,
  0x00, 0x00, 0x00, 0x00, 0x00, 0x00, 0x00, 0x00, 0x00, 0x00, 0x00, 0x00, 0x00, 0x00, 0x00, 0x00, 0x00, 0x00, 0x00, 0x00, 0x00, 0x00, 0x00, 0x00,
  0x00, 0x00, 0x00, 0x00, 0x00, 0x00, 0x00, 0x00, 0x00, 0x00, 0x00, 0x00, 0x00, 0x00, 0x00, 0x00, 0x00, 0x00, 0x00, 0x00, 0x00, 0x00, 0x00, 0x00,
  0x00, 0x00, 0x00, 0x00, 0x00, 0x00, 0x00, 0x00, 0x00, 0x00, 0x00, 0x00, 0x00, 0x00, 0x00, 0x00, 0x00, 0x00, 0x00, 0x00, 0x00, 0x00, 0x00, 0x00,
  0x00, 0x00, 0x00, 0x00, 0x00, 0x00, 0x00, 0x00, 0x00, 0x00, 0x00, 0x00, 0x00, 0x00, 0x00, 0x00, 0x00, 0x00, 0x00, 0x00, 0x00, 0x00, 0x00, 0x00,
  0x00, 0x00, 0x00, 0x00, 0x00, 0x00, 0x00, 0x00, 0x00, 0x00, 0x00, 0x00, 0x00, 0x00, 0x00, 0x00, 0x00, 0x00, 0x00, 0x00, 0x00, 0x00, 0x00, 0x00,
  0x00, 0x00, 0x00, 0x00, 0x00, 0x00, 0x00, 0x00, 0x00, 0x00, 0x00, 0x00, 0x00, 0x00, 0x00, 0x00, 0x00, 0x00, 0x00, 0x00, 0x00, 0x00, 0x00, 0x00,
  0x00, 0x00, 0x00, 0x00, 0x00, 0x00, 0x00, 0x00, 0x00, 0x00, 0x00, 0x00, 0x00, 0x00, 0x00, 0x00, 0x00, 0x00, 0x00, 0x00, 0x00, 0x00, 0x00, 0x00,
  0x00, 0x00, 0x00, 0x00, 0x00, 0x00, 0x00, 0x00, 0x00, 0x00, 0x00, 0x00, 0x00, 0x00, 0x00, 0x00, 0x00, 0x00, 0x00, 0x00, 0x00, 0x00, 0x00, 0x00,
  0x6d, 0x03, 0x07, 0x6c, 0x03, 0xfe, 0x6c, 0x03, 0xff, 0x6c, 0x03, 0xff, 0x6c, 0x03, 0xff, 0x6c, 0x03, 0xff, 0x6c, 0x03, 0xff, 0x6c, 0x03, 0xff,
  0x6c, 0x03, 0xff, 0x6c, 0x03, 0xff, 0x6c, 0x03, 0xff, 0x6c, 0x03, 0xff, 0x6c, 0x03, 0xff, 0x6c, 0x03, 0xff, 0x6c, 0x03, 0xff, 0x6c, 0x03, 0xff,
  0x4c, 0x03, 0x85, 0x00, 0x00, 0x00, 0x00, 0x00, 0x00, 0x00, 0x00, 0x00, 0x00, 0x00, 0x00, 0x00, 0x00, 0x00, 0x00, 0x00, 0x00, 0x00, 0x00, 0x00,
  0x00, 0x00, 0x00, 0x00, 0x00, 0x00, 0x00, 0x00, 0x00, 0x00, 0x00, 0x00, 0x00, 0x00, 0x00, 0x00, 0x00, 0x00, 0x00, 0x00, 0x00, 0x00, 0x00, 0x00,
  0x00, 0x00, 0x00, 0x00, 0x00, 0x00, 0x00, 0x00, 0x00, 0x00, 0x00, 0x00, 0x00, 0x00, 0x00, 0x00, 0x00, 0x00, 0x00, 0x00, 0x00, 0x00, 0x00, 0x00,
  0x00, 0x00, 0x00, 0x00, 0x00, 0x00, 0x00, 0x00, 0x00, 0x00, 0x00, 0x00, 0x00, 0x00, 0x00, 0x00, 0x00, 0x00, 0x00, 0x00, 0x00, 0x00, 0x00, 0x00,
  0x00, 0x00, 0x00, 0x00, 0x00, 0x00, 0x00, 0x00, 0x00, 0x00, 0x00, 0x00, 0x00, 0x00, 0x00, 0x00, 0x00, 0x00, 0x00, 0x00, 0x00, 0x00, 0x00, 0x00,
  0x00, 0x00, 0x00, 0x00, 0x00, 0x00, 0x00, 0x00, 0x00, 0x00, 0x00, 0x00, 0x00, 0x00, 0x00, 0x00, 0x00, 0x00, 0x00, 0x00, 0x00, 0x00, 0x00, 0x00,
  0x00, 0x00, 0x00, 0x00, 0x00, 0x00, 0x00, 0x00, 0x00, 0x00, 0x00, 0x00, 0x00, 0x00, 0x00, 0x00, 0x00, 0x00, 0x00, 0x00, 0x00, 0x00, 0x00, 0x00,
  0x00, 0x00, 0x00, 0x00, 0x00, 0x00, 0x00, 0x00, 0x00, 0x00, 0x00, 0x00, 0x00, 0x00, 0x00, 0x00, 0x00, 0x00, 0x00, 0x00, 0x00, 0x00, 0x00, 0x00,
  0x00, 0x00, 0x00, 0x00, 0x00, 0x00, 0x00, 0x00, 0x00, 0x00, 0x00, 0x00, 0x00, 0x00, 0x00, 0x00, 0x00, 0x00, 0x00, 0x00, 0x00, 0x00, 0x00, 0x00,
  0x00, 0x00, 0x00, 0x00, 0x00, 0x00, 0x00, 0x00, 0x00, 0x00, 0x00, 0x00, 0x00, 0x00, 0x00, 0x00, 0x00, 0x00, 0x00, 0x00, 0x00, 0x00, 0x00, 0x00,
  0x4c, 0x03, 0x1a, 0x6c, 0x03, 0xff, 0x6c, 0x03, 0xff, 0x6c, 0x03, 0xff, 0x6c, 0x03, 0xff, 0x6c, 0x03, 0xff, 0x6c, 0x03, 0xff, 0x6c, 0x03, 0xff,
  0x6c, 0x03, 0xff, 0x6c, 0x03, 0xff, 0x6c, 0x03, 0xff, 0x6c, 0x03, 0xff, 0x6c, 0x03, 0xff, 0x6c, 0x03, 0xff, 0x6c, 0x03, 0xff, 0x6c, 0x03, 0xff,
  0x6c, 0x03, 0x99, 0x00, 0x00, 0x00, 0x00, 0x00, 0x00, 0x00, 0x00, 0x00, 0x00, 0x00, 0x00, 0x00, 0x00, 0x00, 0x00, 0x00, 0x00, 0x00, 0x00, 0x00,
  0x00, 0x00, 0x00, 0x00, 0x00, 0x00, 0x00, 0x00, 0x00, 0x00, 0x00, 0x00, 0x00, 0x00, 0x00, 0x00, 0x00, 0x00, 0x00, 0x00, 0x00, 0x00, 0x00, 0x00,
  0x00, 0x00, 0x00, 0x00, 0x00, 0x00, 0x00, 0x00, 0x00, 0x00, 0x00, 0x00, 0x00, 0x00, 0x00, 0x00, 0x00, 0x00, 0x00, 0x00, 0x00, 0x00, 0x00, 0x00,
  0x00, 0x00, 0x00, 0x00, 0x00, 0x00, 0x00, 0x00, 0x00, 0x00, 0x00, 0x00, 0x00, 0x00, 0x00, 0x00, 0x00, 0x00, 0x00, 0x00, 0x00, 0x00, 0x00, 0x00,
  0x00, 0x00, 0x00, 0x00, 0x00, 0x00, 0x00, 0x00, 0x00, 0x00, 0x00, 0x00, 0x00, 0x00, 0x00, 0x00, 0x00, 0x00, 0x00, 0x00, 0x00, 0x00, 0x00, 0x00,
  0x00, 0x00, 0x00, 0x00, 0x00, 0x00, 0x00, 0x00, 0x00, 0x00, 0x00, 0x00, 0x00, 0x00, 0x00, 0x00, 0x00, 0x00, 0x00, 0x00, 0x00, 0x00, 0x00, 0x00,
  0x00, 0x00, 0x00, 0x00, 0x00, 0x00, 0x00, 0x00, 0x00, 0x00, 0x00, 0x00, 0x00, 0x00, 0x00, 0x00, 0x00, 0x00, 0x00, 0x00, 0x00, 0x00, 0x00, 0x00,
  0x00, 0x00, 0x00, 0x00, 0x00, 0x00, 0x00, 0x00, 0x00, 0x00, 0x00, 0x00, 0x00, 0x00, 0x00, 0x00, 0x00, 0x00, 0x00, 0x00, 0x00, 0x00, 0x00, 0x00,
  0x00, 0x00, 0x00, 0x00, 0x00, 0x00, 0x00, 0x00, 0x00, 0x00, 0x00, 0x00, 0x00, 0x00, 0x00, 0x00, 0x00, 0x00, 0x00, 0x00, 0x00, 0x00, 0x00, 0x00,
  0x00, 0x00, 0x00, 0x00, 0x00, 0x00, 0x00, 0x00, 0x00, 0x00, 0x00, 0x00, 0x00, 0x00, 0x00, 0x00, 0x00, 0x00, 0x00, 0x00, 0x00, 0x00, 0x00, 0x00,
  0x6d, 0x03, 0x07, 0x6c, 0x03, 0xfe, 0x6c, 0x03, 0xff, 0x6c, 0x03, 0xff, 0x6c, 0x03, 0xff, 0x6c, 0x03, 0xff, 0x6c, 0x03, 0xff, 0x6c, 0x03, 0xff,
  0x6c, 0x03, 0xff, 0x6c, 0x03, 0xff, 0x6c, 0x03, 0xff, 0x6c, 0x03, 0xff, 0x6c, 0x03, 0xff, 0x6c, 0x03, 0xff, 0x6c, 0x03, 0xff, 0x6c, 0x03, 0xff,
  0x6c, 0x03, 0x84, 0x00, 0x00, 0x00, 0x00, 0x00, 0x00, 0x00, 0x00, 0x00, 0x00, 0x00, 0x00, 0x00, 0x00, 0x00, 0x00, 0x00, 0x00, 0x00, 0x00, 0x00,
  0x00, 0x00, 0x00, 0x00, 0x00, 0x00, 0x00, 0x00, 0x00, 0x00, 0x00, 0x00, 0x00, 0x00, 0x00, 0x00, 0x00, 0x00, 0x00, 0x00, 0x00, 0x00, 0x00, 0x00,
  0x00, 0x00, 0x00, 0x00, 0x00, 0x00, 0x00, 0x00, 0x00, 0x00, 0x00, 0x00, 0x00, 0x00, 0x00, 0x00, 0x00, 0x00, 0x00, 0x00, 0x00, 0x00, 0x00, 0x00,
  0x00, 0x00, 0x00, 0x00, 0x00, 0x00, 0x00, 0x00, 0x00, 0x00, 0x00, 0x00, 0x00, 0x00, 0x00, 0x00, 0x00, 0x00, 0x00, 0x00, 0x00, 0x00, 0x00, 0x00,
  0x00, 0x00, 0x00, 0x00, 0x00, 0x00, 0x00, 0x00, 0x00, 0x00, 0x00, 0x00, 0x00, 0x00, 0x00, 0x00, 0x00, 0x00, 0x00, 0x00, 0x00, 0x00, 0x00, 0x00,
  0x00, 0x00, 0x00, 0x00, 0x00, 0x00, 0x00, 0x00, 0x00, 0x00, 0x00, 0x00, 0x00, 0x00, 0x00, 0x00, 0x00, 0x00, 0x00, 0x00, 0x00, 0x00, 0x00, 0x00,
  0x00, 0x00, 0x00, 0x00, 0x00, 0x00, 0x00, 0x00, 0x00, 0x00, 0x00, 0x00, 0x00, 0x00, 0x00, 0x00, 0x00, 0x00, 0x00, 0x00, 0x00, 0x00, 0x00, 0x00,
  0x00, 0x00, 0x00, 0x00, 0x00, 0x00, 0x00, 0x00, 0x00, 0x00, 0x00, 0x00, 0x00, 0x00, 0x00, 0x00, 0x00, 0x00, 0x00, 0x00, 0x00, 0x00, 0x00, 0x00,
  0x00, 0x00, 0x00, 0x00, 0x00, 0x00, 0x00, 0x00, 0x00, 0x00, 0x00, 0x00, 0x00, 0x00, 0x00, 0x00, 0x00, 0x00, 0x00, 0x00, 0x00, 0x00, 0x00, 0x00,
  0x00, 0x00, 0x00, 0x00, 0x00, 0x00, 0x00, 0x00, 0x00, 0x00, 0x00, 0x00, 0x00, 0x00, 0x00, 0x00, 0x00, 0x00, 0x00, 0x00, 0x00, 0x00, 0x00, 0x00,
  0x00, 0x00, 0x00, 0x6c, 0x03, 0xd6, 0x6c, 0x03, 0xff, 0x6c, 0x03, 0xff, 0x6c, 0x03, 0xff, 0x6c, 0x03, 0xff, 0x6c, 0x03, 0xff, 0x6c, 0x03, 0xff,
  0x6c, 0x03, 0xff, 0x6c, 0x03, 0xff, 0x6c, 0x03, 0xff, 0x6c, 0x03, 0xff, 0x6c, 0x03, 0xff, 0x6c, 0x03, 0xff, 0x6c, 0x03, 0xff, 0x6c, 0x03, 0xff,
  0x6c, 0x03, 0x54, 0x00, 0x00, 0x00, 0x00, 0x00, 0x00, 0x00, 0x00, 0x00, 0x00, 0x00, 0x00, 0x00, 0x00, 0x00, 0x00, 0x00, 0x00, 0x00, 0x00, 0x00,
  0x00, 0x00, 0x00, 0x00, 0x00, 0x00, 0x00, 0x00, 0x00, 0x00, 0x00, 0x00, 0x00, 0x00, 0x00, 0x00, 0x00, 0x00, 0x00, 0x00, 0x00, 0x00, 0x00, 0x00,
  0x00, 0x00, 0x00, 0x00, 0x00, 0x00, 0x00, 0x00, 0x00, 0x00, 0x00, 0x00, 0x00, 0x00, 0x00, 0x00, 0x00, 0x00, 0x00, 0x00, 0x00, 0x00, 0x00, 0x00,
  0x00, 0x00, 0x00, 0x00, 0x00, 0x00, 0x00, 0x00, 0x00, 0x00, 0x00, 0x00, 0x00, 0x00, 0x00, 0x00, 0x00, 0x00, 0x00, 0x00, 0x00, 0x00, 0x00, 0x00,
  0x00, 0x00, 0x00, 0x00, 0x00, 0x00, 0x00, 0x00, 0x00, 0x00, 0x00, 0x00, 0x00, 0x00, 0x00, 0x00, 0x00, 0x00, 0x00, 0x00, 0x00, 0x00, 0x00, 0x00,
  0x00, 0x00, 0x00, 0x00, 0x00, 0x00, 0x00, 0x00, 0x00, 0x00, 0x00, 0x00, 0x00, 0x00, 0x00, 0x00, 0x00, 0x00, 0x00, 0x00, 0x00, 0x00, 0x00, 0x00,
  0x00, 0x00, 0x00, 0x00, 0x00, 0x00, 0x00, 0x00, 0x00, 0x00, 0x00, 0x00, 0x00, 0x00, 0x00, 0x00, 0x00, 0x00, 0x00, 0x00, 0x00, 0x00, 0x00, 0x00,
  0x00, 0x00, 0x00, 0x00, 0x00, 0x00, 0x00, 0x00, 0x00, 0x00, 0x00, 0x00, 0x00, 0x00, 0x00, 0x00, 0x00, 0x00, 0x00, 0x00, 0x00, 0x00, 0x00, 0x00,
  0x00, 0x00, 0x00, 0x00, 0x00, 0x00, 0x00, 0x00, 0x00, 0x00, 0x00, 0x00, 0x00, 0x00, 0x00, 0x00, 0x00, 0x00, 0x00, 0x00, 0x00, 0x00, 0x00, 0x00,
  0x00, 0x00, 0x00, 0x00, 0x00, 0x00, 0x00, 0x00, 0x00, 0x00, 0x00, 0x00, 0x00, 0x00, 0x00, 0x00, 0x00, 0x00, 0x00, 0x00, 0x00, 0x00, 0x00, 0x00,
  0x00, 0x00, 0x00, 0x4c, 0x03, 0x82, 0x6c, 0x03, 0xff, 0x6c, 0x03, 0xff, 0x6c, 0x03, 0xff, 0x6c, 0x03, 0xff, 0x6c, 0x03, 0xff, 0x6c, 0x03, 0xff,
  0x6c, 0x03, 0xff, 0x6c, 0x03, 0xff, 0x6c, 0x03, 0xff, 0x6c, 0x03, 0xff, 0x6c, 0x03, 0xff, 0x6c, 0x03, 0xff, 0x6c, 0x03, 0xff, 0x4c, 0x03, 0xf2,
  0xac, 0x03, 0x0d, 0x00, 0x00, 0x00, 0x00, 0x00, 0x00, 0x00, 0x00, 0x00, 0x00, 0x00, 0x00, 0x00, 0x00, 0x00, 0x00, 0x00, 0x00, 0x00, 0x00, 0x00,
  0x00, 0x00, 0x00, 0x00, 0x00, 0x00, 0x00, 0x00, 0x00, 0x00, 0x00, 0x00, 0x00, 0x00, 0x00, 0x00, 0x00, 0x00, 0x00, 0x00, 0x00, 0x00, 0x00, 0x00,
  0x00, 0x00, 0x00, 0x00, 0x00, 0x00, 0x00, 0x00, 0x00, 0x00, 0x00, 0x00, 0x00, 0x00, 0x00, 0x00, 0x00, 0x00, 0x00, 0x00, 0x00, 0x00, 0x00, 0x00,
  0x00, 0x00, 0x00, 0x00, 0x00, 0x00, 0x00, 0x00, 0x00, 0x00, 0x00, 0x00, 0x00, 0x00, 0x00, 0x00, 0x00, 0x00, 0x00, 0x00, 0x00, 0x00, 0x00, 0x00,
  0x00, 0x00, 0x00, 0x00, 0x00, 0x00, 0x00, 0x00, 0x00, 0x00, 0x00, 0x00, 0x00, 0x00, 0x00, 0x00, 0x00, 0x00, 0x00, 0x00, 0x00, 0x00, 0x00, 0x00,
  0x00, 0x00, 0x00, 0x00, 0x00, 0x00, 0x00, 0x00, 0x00, 0x00, 0x00, 0x00, 0x00, 0x00, 0x00, 0x00, 0x00, 0x00, 0x00, 0x00, 0x00, 0x00, 0x00, 0x00,
  0x00, 0x00, 0x00, 0x00, 0x00, 0x00, 0x00, 0x00, 0x00, 0x00, 0x00, 0x00, 0x00, 0x00, 0x00, 0x00, 0x00, 0x00, 0x00, 0x00, 0x00, 0x00, 0x00, 0x00,
  0x00, 0x00, 0x00, 0x00, 0x00, 0x00, 0x00, 0x00, 0x00, 0x00, 0x00, 0x00, 0x00, 0x00, 0x00, 0x00, 0x00, 0x00, 0x00, 0x00, 0x00, 0x00, 0x00, 0x00,
  0x00, 0x00, 0x00, 0x00, 0x00, 0x00, 0x00, 0x00, 0x00, 0x00, 0x00, 0x00, 0x00, 0x00, 0x00, 0x00, 0x00, 0x00, 0x00, 0x00, 0x00, 0x00, 0x00, 0x00,
  0x00, 0x00, 0x00, 0x00, 0x00, 0x00, 0x00, 0x00, 0x00, 0x00, 0x00, 0x00, 0x00, 0x00, 0x00, 0x00, 0x00, 0x00, 0x00, 0x00, 0x00, 0x00, 0x00, 0x00,
  0x00, 0x00, 0x00, 0x8c, 0x03, 0x12, 0x6c, 0x03, 0xee, 0x6c, 0x03, 0xff, 0x6c, 0x03, 0xff, 0x6c, 0x03, 0xff, 0x6c, 0x03, 0xff, 0x6c, 0x03, 0xff,
  0x6c, 0x03, 0xff, 0x6c, 0x03, 0xff, 0x6c, 0x03, 0xff, 0x6c, 0x03, 0xff, 0x6c, 0x03, 0xff, 0x6c, 0x03, 0xff, 0x6c, 0x03, 0xff, 0x6c, 0x03, 0x7d,
  0x00, 0x00, 0x00, 0x00, 0x00, 0x00, 0x00, 0x00, 0x00, 0x00, 0x00, 0x00, 0x00, 0x00, 0x00, 0x00, 0x00, 0x00, 0x00, 0x00, 0x00, 0x00, 0x00, 0x00,
  0x00, 0x00, 0x00, 0x00, 0x00, 0x00, 0x00, 0x00, 0x00, 0x00, 0x00, 0x00, 0x00, 0x00, 0x00, 0x00, 0x00, 0x00, 0x00, 0x00, 0x00, 0x00, 0x00, 0x00,
  0x00, 0x00, 0x00, 0x00, 0x00, 0x00, 0x00, 0x00, 0x00, 0x00, 0x00, 0x00, 0x00, 0x00, 0x00, 0x00, 0x00, 0x00, 0x00, 0x00, 0x00, 0x00, 0x00, 0x00,
  0x00, 0x00, 0x00, 0x00, 0x00, 0x00, 0x00, 0x00, 0x00, 0x00, 0x00, 0x00, 0x00, 0x00, 0x00, 0x00, 0x00, 0x00, 0x00, 0x00, 0x00, 0x00, 0x00, 0x00,
  0x00, 0x00, 0x00, 0x00, 0x00, 0x00, 0x00, 0x00, 0x00, 0x00, 0x00, 0x00, 0x00, 0x00, 0x00, 0x00, 0x00, 0x00, 0x00, 0x00, 0x00, 0x00, 0x00, 0x00,
  0x00, 0x00, 0x00, 0x00, 0x00, 0x00, 0x00, 0x00, 0x00, 0x00, 0x00, 0x00, 0x00, 0x00, 0x00, 0x00, 0x00, 0x00, 0x00, 0x00, 0x00, 0x00, 0x00, 0x00,
  0x00, 0x00, 0x00, 0x00, 0x00, 0x00, 0x00, 0x00, 0x00, 0x00, 0x00, 0x00, 0x00, 0x00, 0x00, 0x00, 0x00, 0x00, 0x00, 0x00, 0x00, 0x00, 0x00, 0x00,
  0x00, 0x00, 0x00, 0x00, 0x00, 0x00, 0x00, 0x00, 0x00, 0x00, 0x00, 0x00, 0x00, 0x00, 0x00, 0x00, 0x00, 0x00, 0x00, 0x00, 0x00, 0x00, 0x00, 0x00,
  0x00, 0x00, 0x00, 0x00, 0x00, 0x00, 0x00, 0x00, 0x00, 0x00, 0x00, 0x00, 0x00, 0x00, 0x00, 0x00, 0x00, 0x00, 0x00, 0x00, 0x00, 0x00, 0x00, 0x00,
  0x00, 0x00, 0x00, 0x00, 0x00, 0x00, 0x00, 0x00, 0x00, 0x00, 0x00, 0x00, 0x00, 0x00, 0x00, 0x00, 0x00, 0x00, 0x00, 0x00, 0x00, 0x00, 0x00, 0x00,
  0x00, 0x00, 0x00, 0x00, 0x00, 0x00, 0x4c, 0x03, 0x48, 0x6c, 0x03, 0xfc, 0x6c, 0x03, 0xff, 0x6c, 0x03, 0xff, 0x6c, 0x03, 0xff, 0x6c, 0x03, 0xff,
  0x6c, 0x03, 0xff, 0x6c, 0x03, 0xff, 0x6c, 0x03, 0xff, 0x6c, 0x03, 0xff, 0x6c, 0x03, 0xff, 0x6c, 0x03, 0xff, 0x4c, 0x03, 0xc4, 0xea, 0x03, 0x06,
  0x00, 0x00, 0x00, 0x00, 0x00, 0x00, 0x00, 0x00, 0x00, 0x00, 0x00, 0x00, 0x00, 0x00, 0x00, 0x00, 0x00, 0x00, 0x00, 0x00, 0x00, 0x00, 0x00, 0x00,
  0x00, 0x00, 0x00, 0x00, 0x00, 0x00, 0x00, 0x00, 0x00, 0x00, 0x00, 0x00, 0x00, 0x00, 0x00, 0x00, 0x00, 0x00, 0x00, 0x00, 0x00, 0x00, 0x00, 0x00,
  0x00, 0x00, 0x00, 0x00, 0x00, 0x00, 0x00, 0x00, 0x00, 0x00, 0x00, 0x00, 0x00, 0x00, 0x00, 0x00, 0x00, 0x00, 0x00, 0x00, 0x00, 0x00, 0x00, 0x00,
  0x00, 0x00, 0x00, 0x00, 0x00, 0x00, 0x00, 0x00, 0x00, 0x00, 0x00, 0x00, 0x00, 0x00, 0x00, 0x00, 0x00, 0x00, 0x00, 0x00, 0x00, 0x00, 0x00, 0x00,
  0x00, 0x00, 0x00, 0x00, 0x00, 0x00, 0x00, 0x00, 0x00, 0x00, 0x00, 0x00, 0x00, 0x00, 0x00, 0x00, 0x00, 0x00, 0x00, 0x00, 0x00, 0x00, 0x00, 0x00,
  0x00, 0x00, 0x00, 0x00, 0x00, 0x00, 0x00, 0x00, 0x00, 0x00, 0x00, 0x00, 0x00, 0x00, 0x00, 0x00, 0x00, 0x00, 0x00, 0x00, 0x00, 0x00, 0x00, 0x00,
  0x00, 0x00, 0x00, 0x00, 0x00, 0x00, 0x00, 0x00, 0x00, 0x00, 0x00, 0x00, 0x00, 0x00, 0x00, 0x00, 0x00, 0x00, 0x00, 0x00, 0x00, 0x00, 0x00, 0x00,
  0x00, 0x00, 0x00, 0x00, 0x00, 0x00, 0x00, 0x00, 0x00, 0x00, 0x00, 0x00, 0x00, 0x00, 0x00, 0x00, 0x00, 0x00, 0x00, 0x00, 0x00, 0x00, 0x00, 0x00,
  0x00, 0x00, 0x00, 0x00, 0x00, 0x00, 0x00, 0x00, 0x00, 0x00, 0x00, 0x00, 0x00, 0x00, 0x00, 0x00, 0x00, 0x00, 0x00, 0x00, 0x00, 0x00, 0x00, 0x00,
  0x00, 0x00, 0x00, 0x00, 0x00, 0x00, 0x00, 0x00, 0x00, 0x00, 0x00, 0x00, 0x00, 0x00, 0x00, 0x00, 0x00, 0x00, 0x00, 0x00, 0x00, 0x00, 0x00, 0x00,
  0x00, 0x00, 0x00, 0x00, 0x00, 0x00, 0x00, 0x00, 0x00, 0x6c, 0x03, 0x55, 0x6c, 0x03, 0xf5, 0x6c, 0x03, 0xff, 0x6c, 0x03, 0xff, 0x6c, 0x03, 0xff,
  0x6c, 0x03, 0xff, 0x6c, 0x03, 0xff, 0x6c, 0x03, 0xff, 0x6c, 0x03, 0xff, 0x6c, 0x03, 0xff, 0x6c, 0x03, 0xb8, 0x6b, 0x03, 0x10, 0x00, 0x00, 0x00,
  0x00, 0x00, 0x00, 0x00, 0x00, 0x00, 0x00, 0x00, 0x00, 0x00, 0x00, 0x00, 0x00, 0x00, 0x00, 0x00, 0x00, 0x00, 0x00, 0x00, 0x00, 0x00, 0x00, 0x00,
  0x00, 0x00, 0x00, 0x00, 0x00, 0x00, 0x00, 0x00, 0x00, 0x00, 0x00, 0x00, 0x00, 0x00, 0x00, 0x00, 0x00, 0x00, 0x00, 0x00, 0x00, 0x00, 0x00, 0x00,
  0x00, 0x00, 0x00, 0x00, 0x00, 0x00, 0x00, 0x00, 0x00, 0x00, 0x00, 0x00, 0x00, 0x00, 0x00, 0x00, 0x00, 0x00, 0x00, 0x00, 0x00, 0x00, 0x00, 0x00,
  0x00, 0x00, 0x00, 0x00, 0x00, 0x00, 0x00, 0x00, 0x00, 0x00, 0x00, 0x00, 0x00, 0x00, 0x00, 0x00, 0x00, 0x00, 0x00, 0x00, 0x00, 0x00, 0x00, 0x00,
  0x00, 0x00, 0x00, 0x00, 0x00, 0x00, 0x00, 0x00, 0x00, 0x00, 0x00, 0x00, 0x00, 0x00, 0x00, 0x00, 0x00, 0x00, 0x00, 0x00, 0x00, 0x00, 0x00, 0x00,
  0x00, 0x00, 0x00, 0x00, 0x00, 0x00, 0x00, 0x00, 0x00, 0x00, 0x00, 0x00, 0x00, 0x00, 0x00, 0x00, 0x00, 0x00, 0x00, 0x00, 0x00, 0x00, 0x00, 0x00,
  0x00, 0x00, 0x00, 0x00, 0x00, 0x00, 0x00, 0x00, 0x00, 0x00, 0x00, 0x00, 0x00, 0x00, 0x00, 0x00, 0x00, 0x00, 0x00, 0x00, 0x00, 0x00, 0x00, 0x00,
  0x00, 0x00, 0x00, 0x00, 0x00, 0x00, 0x00, 0x00, 0x00, 0x00, 0x00, 0x00, 0x00, 0x00, 0x00, 0x00, 0x00, 0x00, 0x00, 0x00, 0x00, 0x00, 0x00, 0x00,
  0x00, 0x00, 0x00, 0x00, 0x00, 0x00, 0x00, 0x00, 0x00, 0x00, 0x00, 0x00, 0x00, 0x00, 0x00, 0x00, 0x00, 0x00, 0x00, 0x00, 0x00, 0x00, 0x00, 0x00,
  0x00, 0x00, 0x00, 0x00, 0x00, 0x00, 0x00, 0x00, 0x00, 0x00, 0x00, 0x00, 0x00, 0x00, 0x00, 0x00, 0x00, 0x00, 0x00, 0x00, 0x00, 0x00, 0x00, 0x00,
  0x00, 0x00, 0x00, 0x00, 0x00, 0x00, 0x00, 0x00, 0x00, 0x00, 0x00, 0x00, 0x4d, 0x03, 0x22, 0x4c, 0x03, 0xa4, 0x4c, 0x03, 0xf6, 0x6c, 0x03, 0xff,
  0x6c, 0x03, 0xff, 0x6c, 0x03, 0xff, 0x6c, 0x03, 0xff, 0x4c, 0x03, 0xd8, 0x6c, 0x03, 0x60, 0xef, 0x03, 0x02, 0x00, 0x00, 0x00, 0x00, 0x00, 0x00,
  0x00, 0x00, 0x00, 0x00, 0x00, 0x00, 0x00, 0x00, 0x00, 0x00, 0x00, 0x00, 0x00, 0x00, 0x00, 0x00, 0x00, 0x00, 0x00, 0x00, 0x00, 0x00, 0x00, 0x00,
  0x00, 0x00, 0x00, 0x00, 0x00, 0x00, 0x00, 0x00, 0x00, 0x00, 0x00, 0x00, 0x00, 0x00, 0x00, 0x00, 0x00, 0x00, 0x00, 0x00, 0x00, 0x00, 0x00, 0x00,
  0x00, 0x00, 0x00, 0x00, 0x00, 0x00, 0x00, 0x00, 0x00, 0x00, 0x00, 0x00, 0x00, 0x00, 0x00, 0x00, 0x00, 0x00, 0x00, 0x00, 0x00, 0x00, 0x00, 0x00,
  0x00, 0x00, 0x00, 0x00, 0x00, 0x00, 0x00, 0x00, 0x00, 0x00, 0x00, 0x00, 0x00, 0x00, 0x00, 0x00, 0x00, 0x00, 0x00, 0x00, 0x00, 0x00, 0x00, 0x00,
  0x00, 0x00, 0x00, 0x00, 0x00, 0x00, 0x00, 0x00, 0x00, 0x00, 0x00, 0x00, 0x00, 0x00, 0x00, 0x00, 0x00, 0x00, 0x00, 0x00, 0x00, 0x00, 0x00, 0x00,
  0x00, 0x00, 0x00, 0x00, 0x00, 0x00, 0x00, 0x00, 0x00, 0x00, 0x00, 0x00, 0x00, 0x00, 0x00, 0x00, 0x00, 0x00, 0x00, 0x00, 0x00, 0x00, 0x00, 0x00,
  0x00, 0x00, 0x00, 0x00, 0x00, 0x00, 0x00, 0x00, 0x00, 0x00, 0x00, 0x00, 0x00, 0x00, 0x00, 0x00, 0x00, 0x00, 0x00, 0x00, 0x00, 0x00, 0x00, 0x00,
  0x00, 0x00, 0x00, 0x00, 0x00, 0x00, 0x00, 0x00, 0x00, 0x00, 0x00, 0x00, 0x00, 0x00, 0x00, 0x00, 0x00, 0x00, 0x00, 0x00, 0x00, 0x00, 0x00, 0x00,
  0x00, 0x00, 0x00, 0x00, 0x00, 0x00, 0x00, 0x00, 0x00, 0x00, 0x00, 0x00, 0x00, 0x00, 0x00, 0x00, 0x00, 0x00, 0x00, 0x00, 0x00, 0x00, 0x00, 0x00,
  0x00, 0x00, 0x00, 0x00, 0x00, 0x00, 0x00, 0x00, 0x00, 0x00, 0x00, 0x00, 0x00, 0x00, 0x00, 0x00, 0x00, 0x00, 0x00, 0x00, 0x00, 0x00, 0x00, 0x00,
  0x00, 0x00, 0x00, 0x00, 0x00, 0x00, 0x00, 0x00, 0x00, 0x00, 0x00, 0x00, 0x00, 0x00, 0x00, 0x00, 0x00, 0x00, 0x8b, 0x03, 0x0b, 0x6d, 0x03, 0x3d,
  0x6c, 0x03, 0x57, 0x4d, 0x03, 0x4c, 0x6c, 0x03, 0x25, 0x00, 0x00, 0x00, 0x00, 0x00, 0x00, 0x00, 0x00, 0x00, 0x00, 0x00, 0x00, 0x00, 0x00, 0x00,
  0x00, 0x00, 0x00, 0x00, 0x00, 0x00, 0x00, 0x00, 0x00, 0x00, 0x00, 0x00, 0x00, 0x00, 0x00, 0x00, 0x00, 0x00, 0x00, 0x00, 0x00, 0x00, 0x00, 0x00,
  0x00, 0x00, 0x00, 0x00, 0x00, 0x00, 0x00, 0x00, 0x00, 0x00, 0x00, 0x00, 0x00, 0x00, 0x00, 0x00, 0x00, 0x00, 0x00, 0x00, 0x00, 0x00, 0x00, 0x00,
  0x00, 0x00, 0x00, 0x00, 0x00, 0x00, 0x00, 0x00, 0x00, 0x00, 0x00, 0x00, 0x00, 0x00, 0x00, 0x00, 0x00, 0x00, 0x00, 0x00, 0x00, 0x00, 0x00, 0x00,
  0x00, 0x00, 0x00, 0x00, 0x00, 0x00, 0x00, 0x00, 0x00, 0x00, 0x00, 0x00, 0x00, 0x00, 0x00, 0x00, 0x00, 0x00, 0x00, 0x00, 0x00, 0x00, 0x00, 0x00,
  0x00, 0x00, 0x00, 0x00, 0x00, 0x00, 0x00, 0x00, 0x00, 0x00, 0x00, 0x00, 0x00, 0x00, 0x00, 0x00, 0x00, 0x00, 0x00, 0x00, 0x00, 0x00, 0x00, 0x00,
  0x00, 0x00, 0x00, 0x00, 0x00, 0x00, 0x00, 0x00, 0x00, 0x00, 0x00, 0x00, 0x00, 0x00, 0x00, 0x00, 0x00, 0x00, 0x00, 0x00, 0x00, 0x00, 0x00, 0x00,
  0x00, 0x00, 0x00, 0x00, 0x00, 0x00, 0x00, 0x00, 0x00, 0x00, 0x00, 0x00, 0x00, 0x00, 0x00, 0x00, 0x00, 0x00, 0x00, 0x00, 0x00, 0x00, 0x00, 0x00,
  0x00, 0x00, 0x00, 0x00, 0x00, 0x00, 0x00, 0x00, 0x00, 0x00, 0x00, 0x00, 0x00, 0x00, 0x00, 0x00, 0x00, 0x00, 0x00, 0x00, 0x00, 0x00, 0x00, 0x00,
  0x00, 0x00, 0x00, 0x00, 0x00, 0x00, 0x00, 0x00, 0x00, 0x00, 0x00, 0x00, 0x00, 0x00, 0x00, 0x00, 0x00, 0x00, 0x00, 0x00, 0x00, 0x00, 0x00, 0x00,
  0x00, 0x00, 0x00, 0x00, 0x00, 0x00, 0x00, 0x00, 0x00, 0x00, 0x00, 0x00, 0x00, 0x00, 0x00, 0x00, 0x00, 0x00, 0x00, 0x00, 0x00, 0x00, 0x00, 0x00,
  0x00, 0x00, 0x00, 0x00, 0x00, 0x00, 0x00, 0x00, 0x00, 0x00, 0x00, 0x00, 0x00, 0x00, 0x00, 0x00, 0x00, 0x00, 0x00, 0x00, 0x00, 0x00, 0x00, 0x00,
  0x00, 0x00, 0x00, 0x00, 0x00, 0x00, 0x00, 0x00, 0x00, 0x00, 0x00, 0x00, 0x00, 0x00, 0x00, 0x00, 0x00, 0x00, 0x00, 0x00, 0x00, 0x00, 0x00, 0x00,
  0x00, 0x00, 0x00, 0x00, 0x00, 0x00, 0x00, 0x00, 0x00, 0x00, 0x00, 0x00, 0x00, 0x00, 0x00, 0x00, 0x00, 0x00, 0x00, 0x00, 0x00, 0x00, 0x00, 0x00,
  0x00, 0x00, 0x00, 0x00, 0x00, 0x00, 0x00, 0x00, 0x00, 0x00, 0x00, 0x00, 0x00, 0x00, 0x00, 0x00, 0x00, 0x00, 0x00, 0x00, 0x00, 0x00, 0x00, 0x00,
  0x00, 0x00, 0x00, 0x00, 0x00, 0x00, 0x00, 0x00, 0x00, 0x00, 0x00, 0x00, 0x00, 0x00, 0x00, 0x00, 0x00, 0x00, 0x00, 0x00, 0x00, 0x00, 0x00, 0x00,
  0x00, 0x00, 0x00, 0x00, 0x00, 0x00, 0x00, 0x00, 0x00, 0x00, 0x00, 0x00, 0x00, 0x00, 0x00, 0x00, 0x00, 0x00, 0x00, 0x00, 0x00, 0x00, 0x00, 0x00,
  0x00, 0x00, 0x00, 0x00, 0x00, 0x00, 0x00, 0x00, 0x00, 0x00, 0x00, 0x00, 0x00, 0x00, 0x00, 0x00, 0x00, 0x00, 0x00, 0x00, 0x00, 0x00, 0x00, 0x00,
  0x00, 0x00, 0x00, 0x00, 0x00, 0x00, 0x00, 0x00, 0x00, 0x00, 0x00, 0x00, 0x00, 0x00, 0x00, 0x00, 0x00, 0x00, 0x00, 0x00, 0x00, 0x00, 0x00, 0x00,
  0x00, 0x00, 0x00, 0x00, 0x00, 0x00, 0x00, 0x00, 0x00, 0x00, 0x00, 0x00, 0x00, 0x00, 0x00, 0x00, 0x00, 0x00, 0x00, 0x00, 0x00, 0x00, 0x00, 0x00,
  0x00, 0x00, 0x00, 0x00, 0x00, 0x00, 0x00, 0x00, 0x00, 0x00, 0x00, 0x00, 0x00, 0x00, 0x00, 0x00, 0x00, 0x00, 0x00, 0x00, 0x00, 0x00, 0x00, 0x00,
  0x00, 0x00, 0x00, 0x00, 0x00, 0x00, 0x00, 0x00, 0x00, 0x00, 0x00, 0x00, 0x00, 0x00, 0x00, 0x00, 0x00, 0x00, 0x00, 0x00, 0x00, 0x00, 0x00, 0x00,
  0x00, 0x00, 0x00, 0x00, 0x00, 0x00, 0x00, 0x00, 0x00, 0x00, 0x00, 0x00, 0x00, 0x00, 0x00, 0x00, 0x00, 0x00, 0x00, 0x00, 0x00, 0x00, 0x00, 0x00,
  0x00, 0x00, 0x00, 0x00, 0x00, 0x00, 0x00, 0x00, 0x00, 0x00, 0x00, 0x00, 0x00, 0x00, 0x00, 0x00, 0x00, 0x00, 0x00, 0x00, 0x00, 0x00, 0x00, 0x00,
  0x00, 0x00, 0x00, 0x00, 0x00, 0x00, 0x00, 0x00, 0x00, 0x00, 0x00, 0x00, 0x00, 0x00, 0x00, 0x00, 0x00, 0x00, 0x00, 0x00, 0x00, 0x00, 0x00, 0x00,
  0x00, 0x00, 0x00, 0x00, 0x00, 0x00, 0x00, 0x00, 0x00, 0x00, 0x00, 0x00, 0x00, 0x00, 0x00, 0x00, 0x00, 0x00, 0x00, 0x00, 0x00, 0x00, 0x00, 0x00,
  0x00, 0x00, 0x00, 0x00, 0x00, 0x00, 0x00, 0x00, 0x00, 0x00, 0x00, 0x00, 0x00, 0x00, 0x00, 0x00, 0x00, 0x00, 0x00, 0x00, 0x00, 0x00, 0x00, 0x00,
  0x00, 0x00, 0x00, 0x00, 0x00, 0x00, 0x00, 0x00, 0x00, 0x00, 0x00, 0x00, 0x00, 0x00, 0x00, 0x00, 0x00, 0x00, 0x00, 0x00, 0x00, 0x00, 0x00, 0x00,
  0x00, 0x00, 0x00, 0x00, 0x00, 0x00, 0x00, 0x00, 0x00, 0x00, 0x00, 0x00, 0x00, 0x00, 0x00, 0x00, 0x00, 0x00, 0x00, 0x00, 0x00, 0x00, 0x00, 0x00,
  0x00, 0x00, 0x00, 0x00, 0x00, 0x00, 0x00, 0x00, 0x00, 0x00, 0x00, 0x00, 0x2c, 0x03, 0x1b, 0x6c, 0x03, 0x2f, 0x4c, 0x03, 0x40, 0x6c, 0x03, 0x44,
  0x6c, 0x03, 0x44, 0x6c, 0x03, 0x44, 0x6c, 0x03, 0x44, 0x6c, 0x03, 0x44, 0x6c, 0x03, 0x44, 0x6c, 0x03, 0x44, 0x6c, 0x03, 0x44, 0x6c, 0x03, 0x44,
  0x6c, 0x03, 0x44, 0x6c, 0x03, 0x44, 0x6c, 0x03, 0x44, 0x6c, 0x03, 0x44, 0x6c, 0x03, 0x44, 0x6c, 0x03, 0x44, 0x6c, 0x03, 0x44, 0x6c, 0x03, 0x44,
  0x6c, 0x03, 0x44, 0x6c, 0x03, 0x44, 0x6c, 0x03, 0x44, 0x6c, 0x03, 0x44, 0x6c, 0x03, 0x44, 0x6c, 0x03, 0x44, 0x6c, 0x03, 0x44, 0x6c, 0x03, 0x44,
  0x6c, 0x03, 0x44, 0x6c, 0x03, 0x44, 0x6c, 0x03, 0x44, 0x6c, 0x03, 0x44, 0x6c, 0x03, 0x44, 0x6c, 0x03, 0x44, 0x6c, 0x03, 0x44, 0x6c, 0x03, 0x44,
  0x6c, 0x03, 0x41, 0x6c, 0x03, 0x2a, 0xef, 0x03, 0x02, 0x00, 0x00, 0x00, 0x00, 0x00, 0x00, 0x00, 0x00, 0x00, 0x00, 0x00, 0x00, 0x00, 0x00, 0x00,
  0x00, 0x00, 0x00, 0x00, 0x00, 0x00, 0x00, 0x00, 0x00, 0x00, 0x00, 0x00, 0x00, 0x00, 0x00, 0x00, 0x00, 0x00, 0x00, 0x00, 0x00, 0x00, 0x00, 0x00,
  0x00, 0x00, 0x00, 0x00, 0x00, 0x00, 0x00, 0x00, 0x00, 0x00, 0x00, 0x00, 0x00, 0x00, 0x00, 0x00, 0x00, 0x00, 0x00, 0x00, 0x00, 0x00, 0x00, 0x00,
  0x00, 0x00, 0x00, 0x00, 0x00, 0x00, 0x00, 0x00, 0x00, 0x00, 0x00, 0x00, 0x00, 0x00, 0x00, 0x00, 0x00, 0x00, 0x00, 0x00, 0x00, 0x00, 0x00, 0x00,
  0x00, 0x00, 0x00, 0x00, 0x00, 0x00, 0x00, 0x00, 0x00, 0x00, 0x00, 0x00, 0x00, 0x00, 0x00, 0x00, 0x00, 0x00, 0x00, 0x00, 0x00, 0x00, 0x00, 0x00,
  0x00, 0x00, 0x00, 0x00, 0x00, 0x00, 0x00, 0x00, 0x00, 0x00, 0x00, 0x00, 0x00, 0x00, 0x00, 0x00, 0x00, 0x00, 0x00, 0x00, 0x00, 0x00, 0x00, 0x00,
  0x00, 0x00, 0x00, 0x00, 0x00, 0x00, 0x00, 0x00, 0x00, 0x00, 0x00, 0x00, 0x00, 0x00, 0x00, 0x00, 0x00, 0x00, 0x00, 0x00, 0x00, 0x00, 0x00, 0x00,
  0x00, 0x00, 0x00, 0x4c, 0x03, 0x34, 0x4c, 0x03, 0xa3, 0x4c, 0x03, 0xe6, 0x6c, 0x03, 0xff, 0x6c, 0x03, 0xff, 0x6c, 0x03, 0xff, 0x6c, 0x03, 0xff,
  0x6c, 0x03, 0xff, 0x6c, 0x03, 0xff, 0x6c, 0x03, 0xff, 0x6c, 0x03, 0xff, 0x6c, 0x03, 0xff, 0x6c, 0x03, 0xff, 0x6c, 0x03, 0xff, 0x6c, 0x03, 0xff,
  0x6c, 0x03, 0xff, 0x6c, 0x03, 0xff, 0x6c, 0x03, 0xff, 0x6c, 0x03, 0xff, 0x6c, 0x03, 0xff, 0x6c, 0x03, 0xff, 0x6c, 0x03, 0xff, 0x6c, 0x03, 0xff,
  0x6c, 0x03, 0xff, 0x6c, 0x03, 0xff, 0x6c, 0x03, 0xff, 0x6c, 0x03, 0xff, 0x6c, 0x03, 0xff, 0x6c, 0x03, 0xff, 0x6c, 0x03, 0xff, 0x6c, 0x03, 0xff,
  0x6c, 0x03, 0xff, 0x6c, 0x03, 0xff, 0x6c, 0x03, 0xff, 0x6c, 0x03, 0xff, 0x6c, 0x03, 0xff, 0x6c, 0x03, 0xff, 0x6c, 0x03, 0xff, 0x6c, 0x03, 0xff,
  0x6c, 0x03, 0xff, 0x6c, 0x03, 0xff, 0x4c, 0x03, 0xe8, 0x4c, 0x03, 0x6b, 0x00, 0x00, 0x01, 0x00, 0x00, 0x00, 0x00, 0x00, 0x00, 0x00, 0x00, 0x00,
  0x00, 0x00, 0x00, 0x00, 0x00, 0x00, 0x00, 0x00, 0x00, 0x00, 0x00, 0x00, 0x00, 0x00, 0x00, 0x00, 0x00, 0x00, 0x00, 0x00, 0x00, 0x00, 0x00, 0x00,
  0x00, 0x00, 0x00, 0x00, 0x00, 0x00, 0x00, 0x00, 0x00, 0x00, 0x00, 0x00, 0x00, 0x00, 0x00, 0x00, 0x00, 0x00, 0x00, 0x00, 0x00, 0x00, 0x00, 0x00,
  0x00, 0x00, 0x00, 0x00, 0x00, 0x00, 0x00, 0x00, 0x00, 0x00, 0x00, 0x00, 0x00, 0x00, 0x00, 0x00, 0x00, 0x00, 0x00, 0x00, 0x00, 0x00, 0x00, 0x00,
  0x00, 0x00, 0x00, 0x00, 0x00, 0x00, 0x00, 0x00, 0x00, 0x00, 0x00, 0x00, 0x00, 0x00, 0x00, 0x00, 0x00, 0x00, 0x00, 0x00, 0x00, 0x00, 0x00, 0x00,
  0x00, 0x00, 0x00, 0x00, 0x00, 0x00, 0x00, 0x00, 0x00, 0x00, 0x00, 0x00, 0x00, 0x00, 0x00, 0x00, 0x00, 0x00, 0x00, 0x00, 0x00, 0x00, 0x00, 0x00,
  0x00, 0x00, 0x00, 0x00, 0x00, 0x00, 0x00, 0x00, 0x00, 0x00, 0x00, 0x00, 0x00, 0x00, 0x00, 0x00, 0x00, 0x00, 0x00, 0x00, 0x00, 0xea, 0x03, 0x06,
  0x4c, 0x03, 0x95, 0x6c, 0x03, 0xff, 0x6c, 0x03, 0xff, 0x6c, 0x03, 0xff, 0x6c, 0x03, 0xff, 0x6c, 0x03, 0xff, 0x6c, 0x03, 0xff, 0x6c, 0x03, 0xff,
  0x6c, 0x03, 0xff, 0x6c, 0x03, 0xff, 0x6c, 0x03, 0xff, 0x6c, 0x03, 0xff, 0x6c, 0x03, 0xff, 0x6c, 0x03, 0xff, 0x6c, 0x03, 0xff, 0x6c, 0x03, 0xff,
  0x6c, 0x03, 0xff, 0x6c, 0x03, 0xff, 0x6c, 0x03, 0xff, 0x6c, 0x03, 0xff, 0x6c, 0x03, 0xff, 0x6c, 0x03, 0xff, 0x6c, 0x03, 0xff, 0x6c, 0x03, 0xff,
  0x6c, 0x03, 0xff, 0x6c, 0x03, 0xff, 0x6c, 0x03, 0xff, 0x6c, 0x03, 0xff, 0x6c, 0x03, 0xff, 0x6c, 0x03, 0xff, 0x6c, 0x03, 0xff, 0x6c, 0x03, 0xff,
  0x6c, 0x03, 0xff, 0x6c, 0x03, 0xff, 0x6c, 0x03, 0xff, 0x6c, 0x03, 0xff, 0x6c, 0x03, 0xff, 0x6c, 0x03, 0xff, 0x6c, 0x03, 0xff, 0x6c, 0x03, 0xff,
  0x6c, 0x03, 0xff, 0x6c, 0x03, 0xff, 0x6c, 0x03, 0xff, 0x6c, 0x03, 0xff, 0x4c, 0x03, 0x9c, 0xef, 0x03, 0x02, 0x00, 0x00, 0x00, 0x00, 0x00, 0x00,
  0x00, 0x00, 0x00, 0x00, 0x00, 0x00, 0x00, 0x00, 0x00, 0x00, 0x00, 0x00, 0x00, 0x00, 0x00, 0x00, 0x00, 0x00, 0x00, 0x00, 0x00, 0x00, 0x00, 0x00,
  0x00, 0x00, 0x00, 0x00, 0x00, 0x00, 0x00, 0x00, 0x00, 0x00, 0x00, 0x00, 0x00, 0x00, 0x00, 0x00, 0x00, 0x00, 0x00, 0x00, 0x00, 0x00, 0x00, 0x00,
  0x00, 0x00, 0x00, 0x00, 0x00, 0x00, 0x00, 0x00, 0x00, 0x00, 0x00, 0x00, 0x00, 0x00, 0x00, 0x00, 0x00, 0x00, 0x00, 0x00, 0x00, 0x00, 0x00, 0x00,
  0x00, 0x00, 0x00, 0x00, 0x00, 0x00, 0x00, 0x00, 0x00, 0x00, 0x00, 0x00, 0x00, 0x00, 0x00, 0x00, 0x00, 0x00, 0x00, 0x00, 0x00, 0x00, 0x00, 0x00,
  0x00, 0x00, 0x00, 0x00, 0x00, 0x00, 0x00, 0x00, 0x00, 0x00, 0x00, 0x00, 0x00, 0x00, 0x00, 0x00, 0x00, 0x00, 0x00, 0x00, 0x00, 0x00, 0x00, 0x00,
  0x00, 0x00, 0x00, 0x00, 0x00, 0x00, 0x00, 0x00, 0x00, 0x00, 0x00, 0x00, 0x00, 0x00, 0x00, 0x00, 0x00, 0x00, 0x00, 0x00, 0x00, 0x6c, 0x03, 0xa0,
  0x6c, 0x03, 0xff, 0x6c, 0x03, 0xff, 0x6c, 0x03, 0xff, 0x6c, 0x03, 0xff, 0x6c, 0x03, 0xff, 0x6c, 0x03, 0xff, 0x6c, 0x03, 0xff, 0x6c, 0x03, 0xff,
  0x6c, 0x03, 0xff, 0x6c, 0x03, 0xff, 0x6c, 0x03, 0xff, 0x6c, 0x03, 0xff, 0x6c, 0x03, 0xff, 0x6c, 0x03, 0xff, 0x6c, 0x03, 0xff, 0x6c, 0x03, 0xff,
  0x6c, 0x03, 0xff, 0x6c, 0x03, 0xff, 0x6c, 0x03, 0xff, 0x6c, 0x03, 0xff, 0x6c, 0x03, 0xff, 0x6c, 0x03, 0xff, 0x6c, 0x03, 0xff, 0x6c, 0x03, 0xff,
  0x6c, 0x03, 0xff, 0x6c, 0x03, 0xff, 0x6c, 0x03, 0xff, 0x6c, 0x03, 0xff, 0x6c, 0x03, 0xff, 0x6c, 0x03, 0xff, 0x6c, 0x03, 0xff, 0x6c, 0x03, 0xff,
  0x6c, 0x03, 0xff, 0x6c, 0x03, 0xff, 0x6c, 0x03, 0xff, 0x6c, 0x03, 0xff, 0x6c, 0x03, 0xff, 0x6c, 0x03, 0xff, 0x6c, 0x03, 0xff, 0x6c, 0x03, 0xff,
  0x6c, 0x03, 0xff, 0x6c, 0x03, 0xff, 0x6c, 0x03, 0xff, 0x6c, 0x03, 0xff, 0x6c, 0x03, 0xff, 0x6c, 0x03, 0x9e, 0xef, 0x03, 0x02, 0x00, 0x00, 0x00,
  0x00, 0x00, 0x00, 0x00, 0x00, 0x00, 0x00, 0x00, 0x00, 0x00, 0x00, 0x00, 0x00, 0x00, 0x00, 0x00, 0x00, 0x00, 0x00, 0x00, 0x00, 0x00, 0x00, 0x00,
  0x00, 0x00, 0x00, 0x00, 0x00, 0x00, 0x00, 0x00, 0x00, 0x00, 0x00, 0x00, 0x00, 0x00, 0x00, 0x00, 0x00, 0x00, 0x00, 0x00, 0x00, 0x00, 0x00, 0x00,
  0x00, 0x00, 0x00, 0x00, 0x00, 0x00, 0x00, 0x00, 0x00, 0x00, 0x00, 0x00, 0x00, 0x00, 0x00, 0x00, 0x00, 0x00, 0x00, 0x00, 0x00, 0x00, 0x00, 0x00,
  0x00, 0x00, 0x00, 0x00, 0x00, 0x00, 0x00, 0x00, 0x00, 0x00, 0x00, 0x00, 0x00, 0x00, 0x00, 0x00, 0x00, 0x00, 0x00, 0x00, 0x00, 0x00, 0x00, 0x00,
  0x00, 0x00, 0x00, 0x00, 0x00, 0x00, 0x00, 0x00, 0x00, 0x00, 0x00, 0x00, 0x00, 0x00, 0x00, 0x00, 0x00, 0x00, 0x00, 0x00, 0x00, 0x00, 0x00, 0x00,
  0x00, 0x00, 0x00, 0x00, 0x00, 0x00, 0x00, 0x00, 0x00, 0x00, 0x00, 0x00, 0x00, 0x00, 0x00, 0x00, 0x00, 0x00, 0x6c, 0x03, 0x54, 0x6c, 0x03, 0xff,
  0x6c, 0x03, 0xff, 0x6c, 0x03, 0xff, 0x6c, 0x03, 0xff, 0x6c, 0x03, 0xff, 0x6c, 0x03, 0xff, 0x6c, 0x03, 0xff, 0x6c, 0x03, 0xff, 0x6c, 0x03, 0xff,
  0x6c, 0x03, 0xff, 0x6c, 0x03, 0xff, 0x6c, 0x03, 0xff, 0x6c, 0x03, 0xff, 0x6c, 0x03, 0xff, 0x6c, 0x03, 0xff, 0x6c, 0x03, 0xff, 0x6c, 0x03, 0xff,
  0x6c, 0x03, 0xff, 0x6c, 0x03, 0xff, 0x6c, 0x03, 0xff, 0x6c, 0x03, 0xff, 0x6c, 0x03, 0xff, 0x6c, 0x03, 0xff, 0x6c, 0x03, 0xff, 0x6c, 0x03, 0xff,
  0x6c, 0x03, 0xff, 0x6c, 0x03, 0xff, 0x6c, 0x03, 0xff, 0x6c, 0x03, 0xff, 0x6c, 0x03, 0xff, 0x6c, 0x03, 0xff, 0x6c, 0x03, 0xff, 0x6c, 0x03, 0xff,
  0x6c, 0x03, 0xff, 0x6c, 0x03, 0xff, 0x6c, 0x03, 0xff, 0x6c, 0x03, 0xff, 0x6c, 0x03, 0xff, 0x6c, 0x03, 0xff, 0x6c, 0x03, 0xff, 0x6c, 0x03, 0xff,
  0x6c, 0x03, 0xff, 0x6c, 0x03, 0xff, 0x6c, 0x03, 0xff, 0x6c, 0x03, 0xff, 0x6c, 0x03, 0xff, 0x6c, 0x03, 0xff, 0x4c, 0x03, 0x9d, 0xef, 0x03, 0x02,
  0x00, 0x00, 0x00, 0x00, 0x00, 0x00, 0x00, 0x00, 0x00, 0x00, 0x00, 0x00, 0x00, 0x00, 0x00, 0x00, 0x00, 0x00, 0x00, 0x00, 0x00, 0x00, 0x00, 0x00,
  0x00, 0x00, 0x00, 0x00, 0x00, 0x00, 0x00, 0x00, 0x00, 0x00, 0x00, 0x00, 0x00, 0x00, 0x00, 0x00, 0x00, 0x00, 0x00, 0x00, 0x00, 0x00, 0x00, 0x00,
  0x00, 0x00, 0x00, 0x00, 0x00, 0x00, 0x00, 0x00, 0x00, 0x00, 0x00, 0x00, 0x00, 0x00, 0x00, 0x00, 0x00, 0x00, 0x00, 0x00, 0x00, 0x00, 0x00, 0x00,
  0x00, 0x00, 0x00, 0x00, 0x00, 0x00, 0x00, 0x00, 0x00, 0x00, 0x00, 0x00, 0x00, 0x00, 0x00, 0x00, 0x00, 0x00, 0x00, 0x00, 0x00, 0x00, 0x00, 0x00,
  0x00, 0x00, 0x00, 0x00, 0x00, 0x00, 0x00, 0x00, 0x00, 0x00, 0x00, 0x00, 0x00, 0x00, 0x00, 0x00, 0x00, 0x00, 0x00, 0x00, 0x00, 0x00, 0x00, 0x00,
  0x00, 0x00, 0x00, 0x00, 0x00, 0x00, 0x00, 0x00, 0x00, 0x00, 0x00, 0x00, 0x00, 0x00, 0x00, 0x00, 0x00, 0x00, 0x6c, 0x03, 0xca, 0x6c, 0x03, 0xff,
  0x6c, 0x03, 0xff, 0x6c, 0x03, 0xff, 0x6c, 0x03, 0xff, 0x6c, 0x03, 0xff, 0x6c, 0x03, 0xff, 0x6c, 0x03, 0xff, 0x6c, 0x03, 0xff, 0x6c, 0x03, 0xff,
  0x6c, 0x03, 0xff, 0x6c, 0x03, 0xff, 0x6c, 0x03, 0xff, 0x6c, 0x03, 0xff, 0x6c, 0x03, 0xff, 0x6c, 0x03, 0xff, 0x6c, 0x03, 0xff, 0x6c, 0x03, 0xff,
  0x6c, 0x03, 0xff, 0x6c, 0x03, 0xff, 0x6c, 0x03, 0xff, 0x6c, 0x03, 0xff, 0x6c, 0x03, 0xff, 0x6c, 0x03, 0xff, 0x6c, 0x03, 0xff, 0x6c, 0x03, 0xff,
  0x6c, 0x03, 0xff, 0x6c, 0x03, 0xff, 0x6c, 0x03, 0xff, 0x6c, 0x03, 0xff, 0x6c, 0x03, 0xff, 0x6c, 0x03, 0xff, 0x6c, 0x03, 0xff, 0x6c, 0x03, 0xff,
  0x6c, 0x03, 0xff, 0x6c, 0x03, 0xff, 0x6c, 0x03, 0xff, 0x6c, 0x03, 0xff, 0x6c, 0x03, 0xff, 0x6c, 0x03, 0xff, 0x6c, 0x03, 0xff, 0x6c, 0x03, 0xff,
  0x6c, 0x03, 0xff, 0x6c, 0x03, 0xff, 0x6c, 0x03, 0xff, 0x6c, 0x03, 0xff, 0x6c, 0x03, 0xff, 0x6c, 0x03, 0xff, 0x6c, 0x03, 0xff, 0x4c, 0x03, 0x9d,
  0xef, 0x03, 0x02, 0x00, 0x00, 0x00, 0x00, 0x00, 0x00, 0x00, 0x00, 0x00, 0x00, 0x00, 0x00, 0x00, 0x00, 0x00, 0x00, 0x00, 0x00, 0x00, 0x00, 0x00,
  0x00, 0x00, 0x00, 0x00, 0x00, 0x00, 0x00, 0x00, 0x00, 0x00, 0x00, 0x00, 0x00, 0x00, 0x00, 0x00, 0x00, 0x00, 0x00, 0x00, 0x00, 0x00, 0x00, 0x00,
  0x00, 0x00, 0x00, 0x00, 0x00, 0x00, 0x00, 0x00, 0x00, 0x00, 0x00, 0x00, 0x00, 0x00, 0x00, 0x00, 0x00, 0x00, 0x00, 0x00, 0x00, 0x00, 0x00, 0x00,
  0x00, 0x00, 0x00, 0x00, 0x00, 0x00, 0x00, 0x00, 0x00, 0x00, 0x00, 0x00, 0x00, 0x00, 0x00, 0x00, 0x00, 0x00, 0x00, 0x00, 0x00, 0x00, 0x00, 0x00,
  0x00, 0x00, 0x00, 0x00, 0x00, 0x00, 0x00, 0x00, 0x00, 0x00, 0x00, 0x00, 0x00, 0x00, 0x00, 0x00, 0x00, 0x00, 0x00, 0x00, 0x00, 0x00, 0x00, 0x00,
  0x00, 0x00, 0x00, 0x00, 0x00, 0x00, 0x00, 0x00, 0x00, 0x00, 0x00, 0x00, 0x00, 0x00, 0x00, 0x4d, 0x03, 0x18, 0x6c, 0x03, 0xff, 0x6c, 0x03, 0xff,
  0x6c, 0x03, 0xff, 0x6c, 0x03, 0xff, 0x6c, 0x03, 0xff, 0x6c, 0x03, 0xff, 0x6c, 0x03, 0xff, 0x6c, 0x03, 0xff, 0x6c, 0x03, 0xff, 0x6c, 0x03, 0xff,
  0x6c, 0x03, 0xff, 0x6c, 0x03, 0xff, 0x6c, 0x03, 0xff, 0x6c, 0x03, 0xff, 0x6c, 0x03, 0xff, 0x6c, 0x03, 0xff, 0x6c, 0x03, 0xff, 0x6c, 0x03, 0xff,
  0x6c, 0x03, 0xff, 0x6c, 0x03, 0xff, 0x6c, 0x03, 0xff, 0x6c, 0x03, 0xff, 0x6c, 0x03, 0xff, 0x6c, 0x03, 0xff, 0x6c, 0x03, 0xff, 0x6c, 0x03, 0xff,
  0x6c, 0x03, 0xff, 0x6c, 0x03, 0xff, 0x6c, 0x03, 0xff, 0x6c, 0x03, 0xff, 0x6c, 0x03, 0xff, 0x6c, 0x03, 0xff, 0x6c, 0x03, 0xff, 0x6c, 0x03, 0xff,
  0x6c, 0x03, 0xff, 0x6c, 0x03, 0xff, 0x6c, 0x03, 0xff, 0x6c, 0x03, 0xff, 0x6c, 0x03, 0xff, 0x6c, 0x03, 0xff, 0x6c, 0x03, 0xff, 0x6c, 0x03, 0xff,
  0x6c, 0x03, 0xff, 0x6c, 0x03, 0xff, 0x6c, 0x03, 0xff, 0x6c, 0x03, 0xff, 0x6c, 0x03, 0xff, 0x6c, 0x03, 0xff, 0x6c, 0x03, 0xff, 0x6c, 0x03, 0xff,
  0x6c, 0x03, 0x9e, 0xef, 0x03, 0x02, 0x00, 0x00, 0x00, 0x00, 0x00, 0x00, 0x00, 0x00, 0x00, 0x00, 0x00, 0x00, 0x00, 0x00, 0x00, 0x00, 0x00, 0x00,
  0x00, 0x00, 0x00, 0x00, 0x00, 0x00, 0x00, 0x00, 0x00, 0x00, 0x00, 0x00, 0x00, 0x00, 0x00, 0x00, 0x00, 0x00, 0x00, 0x00, 0x00, 0x00, 0x00, 0x00,
  0x00, 0x00, 0x00, 0x00, 0x00, 0x00, 0x00, 0x00, 0x00, 0x00, 0x00, 0x00, 0x00, 0x00, 0x00, 0x00, 0x00, 0x00, 0x00, 0x00, 0x00, 0x00, 0x00, 0x00,
  0x00, 0x00, 0x00, 0x00, 0x00, 0x00, 0x00, 0x00, 0x00, 0x00, 0x00, 0x00, 0x00, 0x00, 0x00, 0x00, 0x00, 0x00, 0x00, 0x00, 0x00, 0x00, 0x00, 0x00,
  0x00, 0x00, 0x00, 0x00, 0x00, 0x00, 0x00, 0x00, 0x00, 0x00, 0x00, 0x00, 0x00, 0x00, 0x00, 0x00, 0x00, 0x00, 0x00, 0x00, 0x00, 0x00, 0x00, 0x00,
  0x00, 0x00, 0x00, 0x00, 0x00, 0x00, 0x00, 0x00, 0x00, 0x00, 0x00, 0x00, 0x00, 0x00, 0x00, 0x4c, 0x03, 0x51, 0x6c, 0x03, 0xff, 0x6c, 0x03, 0xff,
  0x6c, 0x03, 0xff, 0x6c, 0x03, 0xff, 0x6c, 0x03, 0xff, 0x6c, 0x03, 0xff, 0x6c, 0x03, 0xff, 0x6c, 0x03, 0xff, 0x6c, 0x03, 0xff, 0x6c, 0x03, 0xff,
  0x6c, 0x03, 0xff, 0x6c, 0x03, 0xff, 0x6c, 0x03, 0xff, 0x6c, 0x03, 0xff, 0x6c, 0x03, 0xff, 0x6c, 0x03, 0xff, 0x6c, 0x03, 0xff, 0x6c, 0x03, 0xff,
  0x6c, 0x03, 0xff, 0x6c, 0x03, 0xff, 0x6c, 0x03, 0xff, 0x6c, 0x03, 0xff, 0x6c, 0x03, 0xff, 0x6c, 0x03, 0xff, 0x6c, 0x03, 0xff, 0x6c, 0x03, 0xff,
  0x6c, 0x03, 0xff, 0x6c, 0x03, 0xff, 0x6c, 0x03, 0xff, 0x6c, 0x03, 0xff, 0x6c, 0x03, 0xff, 0x6c, 0x03, 0xff, 0x6c, 0x03, 0xff, 0x6c, 0x03, 0xff,
  0x6c, 0x03, 0xff, 0x6c, 0x03, 0xff, 0x6c, 0x03, 0xff, 0x6c, 0x03, 0xff, 0x6c, 0x03, 0xff, 0x6c, 0x03, 0xff, 0x6c, 0x03, 0xff, 0x6c, 0x03, 0xff,
  0x6c, 0x03, 0xff, 0x6c, 0x03, 0xff, 0x6c, 0x03, 0xff, 0x6c, 0x03, 0xff, 0x6c, 0x03, 0xff, 0x6c, 0x03, 0xff, 0x6c, 0x03, 0xff, 0x6c, 0x03, 0xff,
  0x6c, 0x03, 0xff, 0x4c, 0x03, 0x9d, 0xef, 0x03, 0x02, 0x00, 0x00, 0x00, 0x00, 0x00, 0x00, 0x00, 0x00, 0x00, 0x00, 0x00, 0x00, 0x00, 0x00, 0x00,
  0x00, 0x00, 0x00, 0x00, 0x00, 0x00, 0x00, 0x00, 0x00, 0x00, 0x00, 0x00, 0x00, 0x00, 0x00, 0x00, 0x00, 0x00, 0x00, 0x00, 0x00, 0x00, 0x00, 0x00,
  0x00, 0x00, 0x00, 0x00, 0x00, 0x00, 0x00, 0x00, 0x00, 0x00, 0x00, 0x00, 0x00, 0x00, 0x00, 0x00, 0x00, 0x00, 0x00, 0x00, 0x00, 0x00, 0x00, 0x00,
  0x00, 0x00, 0x00, 0x00, 0x00, 0x00, 0x00, 0x00, 0x00, 0x00, 0x00, 0x00, 0x00, 0x00, 0x00, 0x00, 0x00, 0x00, 0x00, 0x00, 0x00, 0x00, 0x00, 0x00,
  0x00, 0x00, 0x00, 0x00, 0x00, 0x00, 0x00, 0x00, 0x00, 0x00, 0x00, 0x00, 0x00, 0x00, 0x00, 0x00, 0x00, 0x00, 0x00, 0x00, 0x00, 0x00, 0x00, 0x00,
  0x00, 0x00, 0x00, 0x00, 0x00, 0x00, 0x00, 0x00, 0x00, 0x00, 0x00, 0x00, 0x00, 0x00, 0x00, 0x4c, 0x03, 0x6b, 0x6c, 0x03, 0xff, 0x6c, 0x03, 0xff,
  0x6c, 0x03, 0xff, 0x6c, 0x03, 0xff, 0x6c, 0x03, 0xff, 0x6c, 0x03, 0xff, 0x6c, 0x03, 0xff, 0x6c, 0x03, 0xff, 0x6c, 0x03, 0xff, 0x6c, 0x03, 0xff,
  0x6c, 0x03, 0xff, 0x6c, 0x03, 0xff, 0x6c, 0x03, 0xff, 0x6c, 0x03, 0xff, 0x6c, 0x03, 0xff, 0x6c, 0x03, 0xff, 0x6c, 0x03, 0xff, 0x6c, 0x03, 0xff,
  0x6c, 0x03, 0xff, 0x6c, 0x03, 0xff, 0x6c, 0x03, 0xff, 0x6c, 0x03, 0xff, 0x6c, 0x03, 0xff, 0x6c, 0x03, 0xff, 0x6c, 0x03, 0xff, 0x6c, 0x03, 0xff,
  0x6c, 0x03, 0xff, 0x6c, 0x03, 0xff, 0x6c, 0x03, 0xff, 0x6c, 0x03, 0xff, 0x6c, 0x03, 0xff, 0x6c, 0x03, 0xff, 0x6c, 0x03, 0xff, 0x6c, 0x03, 0xff,
  0x6c, 0x03, 0xff, 0x6c, 0x03, 0xff, 0x6c, 0x03, 0xff, 0x6c, 0x03, 0xff, 0x6c, 0x03, 0xff, 0x6c, 0x03, 0xff, 0x6c, 0x03, 0xff, 0x6c, 0x03, 0xff,
  0x6c, 0x03, 0xff, 0x6c, 0x03, 0xff, 0x6c, 0x03, 0xff, 0x6c, 0x03, 0xff, 0x6c, 0x03, 0xff, 0x6c, 0x03, 0xff, 0x6c, 0x03, 0xff, 0x6c, 0x03, 0xff,
  0x6c, 0x03, 0xff, 0x6c, 0x03, 0xff, 0x6c, 0x03, 0x9e, 0xef, 0x03, 0x02, 0x00, 0x00, 0x00, 0x00, 0x00, 0x00, 0x00, 0x00, 0x00, 0x00, 0x00, 0x00,
  0x00, 0x00, 0x00, 0x00, 0x00, 0x00, 0x00, 0x00, 0x00, 0x00, 0x00, 0x00, 0x00, 0x00, 0x00, 0x00, 0x00, 0x00, 0x00, 0x00, 0x00, 0x00, 0x00, 0x00,
  0x00, 0x00, 0x00, 0x00, 0x00, 0x00, 0x00, 0x00, 0x00, 0x00, 0x00, 0x00, 0x00, 0x00, 0x00, 0x00, 0x00, 0x00, 0x00, 0x00, 0x00, 0x00, 0x00, 0x00,
  0x00, 0x00, 0x00, 0x00, 0x00, 0x00, 0x00, 0x00, 0x00, 0x00, 0x00, 0x00, 0x00, 0x00, 0x00, 0x00, 0x00, 0x00, 0x00, 0x00, 0x00, 0x00, 0x00, 0x00,
  0x00, 0x00, 0x00, 0x00, 0x00, 0x00, 0x00, 0x00, 0x00, 0x00, 0x00, 0x00, 0x00, 0x00, 0x00, 0x00, 0x00, 0x00, 0x00, 0x00, 0x00, 0x00, 0x00, 0x00,
  0x00, 0x00, 0x00, 0x00, 0x00, 0x00, 0x00, 0x00, 0x00, 0x00, 0x00, 0x00, 0x00, 0x00, 0x00, 0x4c, 0x03, 0x7b, 0x6c, 0x03, 0xff, 0x6c, 0x03, 0xff,
  0x6c, 0x03, 0xff, 0x6c, 0x03, 0xff, 0x6c, 0x03, 0xff, 0x6c, 0x03, 0xff, 0x6c, 0x03, 0xff, 0x6c, 0x03, 0xff, 0x6c, 0x03, 0xff, 0x6c, 0x03, 0xff,
  0x6c, 0x03, 0xff, 0x6c, 0x03, 0xff, 0x6c, 0x03, 0xff, 0x6c, 0x03, 0xff, 0x6c, 0x03, 0xff, 0x6c, 0x03, 0xff, 0x6c, 0x03, 0xff, 0x6c, 0x03, 0xff,
  0x6c, 0x03, 0xff, 0x6c, 0x03, 0xff, 0x6c, 0x03, 0xff, 0x6c, 0x03, 0xff, 0x6c, 0x03, 0xff, 0x6c, 0x03, 0xff, 0x6c, 0x03, 0xff, 0x6c, 0x03, 0xff,
  0x6c, 0x03, 0xff, 0x6c, 0x03, 0xff, 0x6c, 0x03, 0xff, 0x6c, 0x03, 0xff, 0x6c, 0x03, 0xff, 0x6c, 0x03, 0xff, 0x6c, 0x03, 0xff, 0x6c, 0x03, 0xff,
  0x6c, 0x03, 0xff, 0x6c, 0x03, 0xff, 0x6c, 0x03, 0xff, 0x6c, 0x03, 0xff, 0x6c, 0x03, 0xff, 0x6c, 0x03, 0xff, 0x6c, 0x03, 0xff, 0x6c, 0x03, 0xff,
  0x6c, 0x03, 0xff, 0x6c, 0x03, 0xff, 0x6c, 0x03, 0xff, 0x6c, 0x03, 0xff, 0x6c, 0x03, 0xff, 0x6c, 0x03, 0xff, 0x6c, 0x03, 0xff, 0x6c, 0x03, 0xff,
  0x6c, 0x03, 0xff, 0x6c, 0x03, 0xff, 0x6c, 0x03, 0xff, 0x4c, 0x03, 0x9d, 0xef, 0x03, 0x02, 0x00, 0x00, 0x00, 0x00, 0x00, 0x00, 0x00, 0x00, 0x00,
  0x00, 0x00, 0x00, 0x00, 0x00, 0x00, 0x00, 0x00, 0x00, 0x00, 0x00, 0x00, 0x00, 0x00, 0x00, 0x00, 0x00, 0x00, 0x00, 0x00, 0x00, 0x00, 0x00, 0x00,
  0x00, 0x00, 0x00, 0x00, 0x00, 0x00, 0x00, 0x00, 0x00, 0x00, 0x00, 0x00, 0x00, 0x00, 0x00, 0x00, 0x00, 0x00, 0x00, 0x00, 0x00, 0x00, 0x00, 0x00,
  0x00, 0x00, 0x00, 0x00, 0x00, 0x00, 0x00, 0x00, 0x00, 0x00, 0x00, 0x00, 0x00, 0x00, 0x00, 0x00, 0x00, 0x00, 0x00, 0x00, 0x00, 0x00, 0x00, 0x00,
  0x00, 0x00, 0x00, 0x00, 0x00, 0x00, 0x00, 0x00, 0x00, 0x00, 0x00, 0x00, 0x00, 0x00, 0x00, 0x00, 0x00, 0x00, 0x00, 0x00, 0x00, 0x00, 0x00, 0x00,
  0x00, 0x00, 0x00, 0x00, 0x00, 0x00, 0x00, 0x00, 0x00, 0x00, 0x00, 0x00, 0x00, 0x00, 0x00, 0x4c, 0x03, 0x80, 0x6c, 0x03, 0xff, 0x6c, 0x03, 0xff,
  0x6c, 0x03, 0xff, 0x6c, 0x03, 0xff, 0x6c, 0x03, 0xff, 0x6c, 0x03, 0xff, 0x6c, 0x03, 0xff, 0x6c, 0x03, 0xff, 0x6c, 0x03, 0xff, 0x6c, 0x03, 0xff,
  0x6c, 0x03, 0xff, 0x6c, 0x03, 0xff, 0x6c, 0x03, 0xff, 0x6c, 0x03, 0xff, 0x6c, 0x03, 0xff, 0x6c, 0x03, 0xff, 0x6c, 0x03, 0xff, 0x6c, 0x03, 0xff,
  0x6c, 0x03, 0xff, 0x6c, 0x03, 0xff, 0x6c, 0x03, 0xff, 0x6c, 0x03, 0xff, 0x6c, 0x03, 0xff, 0x6c, 0x03, 0xff, 0x6c, 0x03, 0xff, 0x6c, 0x03, 0xff,
  0x6c, 0x03, 0xff, 0x6c, 0x03, 0xff, 0x6c, 0x03, 0xff, 0x6c, 0x03, 0xff, 0x6c, 0x03, 0xff, 0x6c, 0x03, 0xff, 0x6c, 0x03, 0xff, 0x6c, 0x03, 0xff,
  0x6c, 0x03, 0xff, 0x6c, 0x03, 0xff, 0x6c, 0x03, 0xff, 0x6c, 0x03, 0xff, 0x6c, 0x03, 0xff, 0x6c, 0x03, 0xff, 0x6c, 0x03, 0xff, 0x6c, 0x03, 0xff,
  0x6c, 0x03, 0xff, 0x6c, 0x03, 0xff, 0x6c, 0x03, 0xff, 0x6c, 0x03, 0xff, 0x6c, 0x03, 0xff, 0x6c, 0x03, 0xff, 0x6c, 0x03, 0xff, 0x6c, 0x03, 0xff,
  0x6c, 0x03, 0xff, 0x6c, 0x03, 0xff, 0x6c, 0x03, 0xff, 0x6c, 0x03, 0xff, 0x6c, 0x03, 0x9e, 0xef, 0x03, 0x02, 0x00, 0x00, 0x00, 0x00, 0x00, 0x00,
  0x00, 0x00, 0x00, 0x00, 0x00, 0x00, 0x00, 0x00, 0x00, 0x00, 0x00, 0x00, 0x00, 0x00, 0x00, 0x00, 0x00, 0x00, 0x00, 0x00, 0x00, 0x00, 0x00, 0x00,
  0x00, 0x00, 0x00, 0x00, 0x00, 0x00, 0x00, 0x00, 0x00, 0x00, 0x00, 0x00, 0x00, 0x00, 0x00, 0x00, 0x00, 0x00, 0x00, 0x00, 0x00, 0x00, 0x00, 0x00,
  0x00, 0x00, 0x00, 0x00, 0x00, 0x00, 0x00, 0x00, 0x00, 0x00, 0x00, 0x00, 0x00, 0x00, 0x00, 0x00, 0x00, 0x00, 0x00, 0x00, 0x00, 0x00, 0x00, 0x00,
  0x00, 0x00, 0x00, 0x00, 0x00, 0x00, 0x00, 0x00, 0x00, 0x00, 0x00, 0x00, 0x00, 0x00, 0x00, 0x00, 0x00, 0x00, 0x00, 0x00, 0x00, 0x00, 0x00, 0x00,
  0x00, 0x00, 0x00, 0x00, 0x00, 0x00, 0x00, 0x00, 0x00, 0x00, 0x00, 0x00, 0x00, 0x00, 0x00, 0x4c, 0x03, 0x80, 0x6c, 0x03, 0xff, 0x6c, 0x03, 0xff,
  0x6c, 0x03, 0xff, 0x6c, 0x03, 0xff, 0x6c, 0x03, 0xff, 0x6c, 0x03, 0xff, 0x6c, 0x03, 0xff, 0x6c, 0x03, 0xff, 0x6c, 0x03, 0xff, 0x6c, 0x03, 0xff,
  0x6c, 0x03, 0xff, 0x6c, 0x03, 0xff, 0x6c, 0x03, 0xff, 0x6c, 0x03, 0xff, 0x6c, 0x03, 0xff, 0x6c, 0x03, 0xff, 0x6c, 0x03, 0xff, 0x6c, 0x03, 0xff,
  0x6c, 0x03, 0xff, 0x6c, 0x03, 0xff, 0x6c, 0x03, 0xff, 0x6c, 0x03, 0xff, 0x6c, 0x03, 0xff, 0x6c, 0x03, 0xff, 0x6c, 0x03, 0xff, 0x6c, 0x03, 0xff,
  0x6c, 0x03, 0xff, 0x6c, 0x03, 0xff, 0x6c, 0x03, 0xff, 0x6c, 0x03, 0xff, 0x6c, 0x03, 0xff, 0x6c, 0x03, 0xff, 0x6c, 0x03, 0xff, 0x6c, 0x03, 0xff,
  0x6c, 0x03, 0xff, 0x6c, 0x03, 0xff, 0x6c, 0x03, 0xff, 0x6c, 0x03, 0xff, 0x6c, 0x03, 0xff, 0x6c, 0x03, 0xff, 0x6c, 0x03, 0xff, 0x6c, 0x03, 0xff,
  0x6c, 0x03, 0xff, 0x6c, 0x03, 0xff, 0x6c, 0x03, 0xff, 0x6c, 0x03, 0xff, 0x6c, 0x03, 0xff, 0x6c, 0x03, 0xff, 0x6c, 0x03, 0xff, 0x6c, 0x03, 0xff,
  0x6c, 0x03, 0xff, 0x6c, 0x03, 0xff, 0x6c, 0x03, 0xff, 0x6c, 0x03, 0xff, 0x6c, 0x03, 0xff, 0x6c, 0x03, 0x9e, 0xef, 0x03, 0x02, 0x00, 0x00, 0x00,
  0x00, 0x00, 0x00, 0x00, 0x00, 0x00, 0x00, 0x00, 0x00, 0x00, 0x00, 0x00, 0x00, 0x00, 0x00, 0x00, 0x00, 0x00, 0x00, 0x00, 0x00, 0x00, 0x00, 0x00,
  0x00, 0x00, 0x00, 0x00, 0x00, 0x00, 0x00, 0x00, 0x00, 0x00, 0x00, 0x00, 0x00, 0x00, 0x00, 0x00, 0x00, 0x00, 0x00, 0x00, 0x00, 0x00, 0x00, 0x00,
  0x00, 0x00, 0x00, 0x00, 0x00, 0x00, 0x00, 0x00, 0x00, 0x00, 0x00, 0x00, 0x00, 0x00, 0x00, 0x00, 0x00, 0x00, 0x00, 0x00, 0x00, 0x00, 0x00, 0x00,
  0x00, 0x00, 0x00, 0x00, 0x00, 0x00, 0x00, 0x00, 0x00, 0x00, 0x00, 0x00, 0x00, 0x00, 0x00, 0x00, 0x00, 0x00, 0x00, 0x00, 0x00, 0x00, 0x00, 0x00,
  0x00, 0x00, 0x00, 0x00, 0x00, 0x00, 0x00, 0x00, 0x00, 0x00, 0x00, 0x00, 0x00, 0x00, 0x00, 0x4c, 0x03, 0x80, 0x6c, 0x03, 0xff, 0x6c, 0x03, 0xff,
  0x6c, 0x03, 0xff, 0x6c, 0x03, 0xff, 0x6c, 0x03, 0xff, 0x6c, 0x03, 0xff, 0x6c, 0x03, 0xff, 0x6c, 0x03, 0xff, 0x6c, 0x03, 0xff, 0x6c, 0x03, 0xff,
  0x6c, 0x03, 0xff, 0x6c, 0x03, 0xff, 0x6c, 0x03, 0xff, 0x6c, 0x03, 0xff, 0x6c, 0x03, 0xff, 0x6c, 0x03, 0xff, 0x6c, 0x03, 0xff, 0x6c, 0x03, 0xff,
  0x6c, 0x03, 0xff, 0x6c, 0x03, 0xff, 0x6c, 0x03, 0xff, 0x6c, 0x03, 0xff, 0x6c, 0x03, 0xff, 0x6c, 0x03, 0xff, 0x6c, 0x03, 0xff, 0x6c, 0x03, 0xff,
  0x6c, 0x03, 0xff, 0x6c, 0x03, 0xff, 0x6c, 0x03, 0xff, 0x6c, 0x03, 0xff, 0x6c, 0x03, 0xff, 0x6c, 0x03, 0xff, 0x6c, 0x03, 0xff, 0x6c, 0x03, 0xff,
  0x6c, 0x03, 0xff, 0x6c, 0x03, 0xff, 0x6c, 0x03, 0xff, 0x6c, 0x03, 0xff, 0x6c, 0x03, 0xff, 0x6c, 0x03, 0xff, 0x6c, 0x03, 0xff, 0x6c, 0x03, 0xff,
  0x6c, 0x03, 0xff, 0x6c, 0x03, 0xff, 0x6c, 0x03, 0xff, 0x6c, 0x03, 0xff, 0x6c, 0x03, 0xff, 0x6c, 0x03, 0xff, 0x6c, 0x03, 0xff, 0x6c, 0x03, 0xff,
  0x6c, 0x03, 0xff, 0x6c, 0x03, 0xff, 0x6c, 0x03, 0xff, 0x6c, 0x03, 0xff, 0x6c, 0x03, 0xff, 0x6c, 0x03, 0xff, 0x6c, 0x03, 0x9e, 0xef, 0x03, 0x02,
  0x00, 0x00, 0x00, 0x00, 0x00, 0x00, 0x00, 0x00, 0x00, 0x00, 0x00, 0x00, 0x00, 0x00, 0x00, 0x00, 0x00, 0x00, 0x00, 0x00, 0x00, 0x00, 0x00, 0x00,
  0x00, 0x00, 0x00, 0x00, 0x00, 0x00, 0x00, 0x00, 0x00, 0x00, 0x00, 0x00, 0x00, 0x00, 0x00, 0x00, 0x00, 0x00, 0x00, 0x00, 0x00, 0x00, 0x00, 0x00,
  0x00, 0x00, 0x00, 0x00, 0x00, 0x00, 0x00, 0x00, 0x00, 0x00, 0x00, 0x00, 0x00, 0x00, 0x00, 0x00, 0x00, 0x00, 0x00, 0x00, 0x00, 0x00, 0x00, 0x00,
  0x00, 0x00, 0x00, 0x00, 0x00, 0x00, 0x00, 0x00, 0x00, 0x00, 0x00, 0x00, 0x00, 0x00, 0x00, 0x00, 0x00, 0x00, 0x00, 0x00, 0x00, 0x00, 0x00, 0x00,
  0x00, 0x00, 0x00, 0x00, 0x00, 0x00, 0x00, 0x00, 0x00, 0x00, 0x00, 0x00, 0x00, 0x00, 0x00, 0x4c, 0x03, 0x80, 0x6c, 0x03, 0xff, 0x6c, 0x03, 0xff,
  0x6c, 0x03, 0xff, 0x6c, 0x03, 0xff, 0x6c, 0x03, 0xff, 0x6c, 0x03, 0xff, 0x6c, 0x03, 0xff, 0x6c, 0x03, 0xff, 0x6c, 0x03, 0xff, 0x6c, 0x03, 0xff,
  0x6c, 0x03, 0xff, 0x6c, 0x03, 0xff, 0x6c, 0x03, 0xff, 0x6c, 0x03, 0xff, 0x6c, 0x03, 0xff, 0x6c, 0x03, 0xff, 0x6c, 0x03, 0xff, 0x6c, 0x03, 0xff,
  0x6c, 0x03, 0xff, 0x6c, 0x03, 0xff, 0x6c, 0x03, 0xff, 0x6c, 0x03, 0xff, 0x6c, 0x03, 0xff, 0x6c, 0x03, 0xff, 0x6c, 0x03, 0xff, 0x6c, 0x03, 0xff,
  0x6c, 0x03, 0xff, 0x6c, 0x03, 0xff, 0x6c, 0x03, 0xff, 0x6c, 0x03, 0xff, 0x6c, 0x03, 0xff, 0x6c, 0x03, 0xff, 0x6c, 0x03, 0xff, 0x6c, 0x03, 0xff,
  0x6c, 0x03, 0xff, 0x6c, 0x03, 0xff, 0x6c, 0x03, 0xff, 0x6c, 0x03, 0xff, 0x6c, 0x03, 0xff, 0x6c, 0x03, 0xff, 0x6c, 0x03, 0xff, 0x6c, 0x03, 0xff,
  0x6c, 0x03, 0xff, 0x6c, 0x03, 0xff, 0x6c, 0x03, 0xff, 0x6c, 0x03, 0xff, 0x6c, 0x03, 0xff, 0x6c, 0x03, 0xff, 0x6c, 0x03, 0xff, 0x6c, 0x03, 0xff,
  0x6c, 0x03, 0xff, 0x6c, 0x03, 0xff, 0x6c, 0x03, 0xff, 0x6c, 0x03, 0xff, 0x6c, 0x03, 0xff, 0x6c, 0x03, 0xff, 0x6c, 0x03, 0xff, 0x6c, 0x03, 0x9e,
  0xef, 0x03, 0x02, 0x00, 0x00, 0x00, 0x00, 0x00, 0x00, 0x00, 0x00, 0x00, 0x00, 0x00, 0x00, 0x00, 0x00, 0x00, 0x00, 0x00, 0x00, 0x00, 0x00, 0x00,
  0x00, 0x00, 0x00, 0x00, 0x00, 0x00, 0x00, 0x00, 0x00, 0x00, 0x00, 0x00, 0x00, 0x00, 0x00, 0x00, 0x00, 0x00, 0x00, 0x00, 0x00, 0x00, 0x00, 0x00,
  0x00, 0x00, 0x00, 0x00, 0x00, 0x00, 0x00, 0x00, 0x00, 0x00, 0x00, 0x00, 0x00, 0x00, 0x00, 0x00, 0x00, 0x00, 0x00, 0x00, 0x00, 0x00, 0x00, 0x00,
  0x00, 0x00, 0x00, 0x00, 0x00, 0x00, 0x00, 0x00, 0x00, 0x00, 0x00, 0x00, 0x00, 0x00, 0x00, 0x00, 0x00, 0x00, 0x00, 0x00, 0x00, 0x00, 0x00, 0x00,
  0x00, 0x00, 0x00, 0x00, 0x00, 0x00, 0x00, 0x00, 0x00, 0x00, 0x00, 0x00, 0x00, 0x00, 0x00, 0x4c, 0x03, 0x80, 0x6c, 0x03, 0xff, 0x6c, 0x03, 0xff,
  0x6c, 0x03, 0xff, 0x6c, 0x03, 0xff, 0x6c, 0x03, 0xff, 0x6c, 0x03, 0xff, 0x6c, 0x03, 0xff, 0x6c, 0x03, 0xff, 0x6c, 0x03, 0xff, 0x6c, 0x03, 0xff,
  0x6c, 0x03, 0xff, 0x6c, 0x03, 0xff, 0x6c, 0x03, 0xff, 0x6c, 0x03, 0xff, 0x6c, 0x03, 0xff, 0x6c, 0x03, 0xff, 0x6c, 0x03, 0xff, 0x6c, 0x03, 0xff,
  0x6c, 0x03, 0xff, 0x6c, 0x03, 0xff, 0x6c, 0x03, 0xff, 0x6c, 0x03, 0xff, 0x6c, 0x03, 0xff, 0x6c, 0x03, 0xff, 0x6c, 0x03, 0xff, 0x6c, 0x03, 0xff,
  0x6c, 0x03, 0xff, 0x6c, 0x03, 0xff, 0x6c, 0x03, 0xff, 0x6c, 0x03, 0xff, 0x6c, 0x03, 0xff, 0x6c, 0x03, 0xff, 0x6c, 0x03, 0xff, 0x6c, 0x03, 0xff,
  0x6c, 0x03, 0xff, 0x6c, 0x03, 0xff, 0x6c, 0x03, 0xff, 0x6c, 0x03, 0xff, 0x6c, 0x03, 0xff, 0x6c, 0x03, 0xff, 0x6c, 0x03, 0xff, 0x6c, 0x03, 0xff,
  0x6c, 0x03, 0xff, 0x6c, 0x03, 0xff, 0x6c, 0x03, 0xff, 0x6c, 0x03, 0xff, 0x6c, 0x03, 0xff, 0x6c, 0x03, 0xff, 0x6c, 0x03, 0xff, 0x6c, 0x03, 0xff,
  0x6c, 0x03, 0xff, 0x6c, 0x03, 0xff, 0x6c, 0x03, 0xff, 0x6c, 0x03, 0xff, 0x6c, 0x03, 0xff, 0x6c, 0x03, 0xff, 0x6c, 0x03, 0xff, 0x6c, 0x03, 0xff,
  0x6c, 0x03, 0x9e, 0xef, 0x03, 0x02, 0x00, 0x00, 0x00, 0x00, 0x00, 0x00, 0x00, 0x00, 0x00, 0x00, 0x00, 0x00, 0x00, 0x00, 0x00, 0x00, 0x00, 0x00,
  0x00, 0x00, 0x00, 0x00, 0x00, 0x00, 0x00, 0x00, 0x00, 0x00, 0x00, 0x00, 0x00, 0x00, 0x00, 0x00, 0x00, 0x00, 0x00, 0x00, 0x00, 0x00, 0x00, 0x00,
  0x00, 0x00, 0x00, 0x00, 0x00, 0x00, 0x00, 0x00, 0x00, 0x00, 0x00, 0x00, 0x00, 0x00, 0x00, 0x00, 0x00, 0x00, 0x00, 0x00, 0x00, 0x00, 0x00, 0x00,
  0x00, 0x00, 0x00, 0x00, 0x00, 0x00, 0x00, 0x00, 0x00, 0x00, 0x00, 0x00, 0x00, 0x00, 0x00, 0x00, 0x00, 0x00, 0x00, 0x00, 0x00, 0x00, 0x00, 0x00,
  0x00, 0x00, 0x00, 0x00, 0x00, 0x00, 0x00, 0x00, 0x00, 0x00, 0x00, 0x00, 0x00, 0x00, 0x00, 0x4c, 0x03, 0x80, 0x6c, 0x03, 0xff, 0x6c, 0x03, 0xff,
  0x6c, 0x03, 0xff, 0x6c, 0x03, 0xff, 0x6c, 0x03, 0xff, 0x6c, 0x03, 0xff, 0x6c, 0x03, 0xff, 0x6c, 0x03, 0xff, 0x6c, 0x03, 0xff, 0x6c, 0x03, 0xff,
  0x6c, 0x03, 0xff, 0x6c, 0x03, 0xff, 0x6c, 0x03, 0xff, 0x6c, 0x03, 0xff, 0x6c, 0x03, 0xff, 0x6c, 0x03, 0xff, 0x6c, 0x03, 0xff, 0x6c, 0x03, 0xff,
  0x6c, 0x03, 0xff, 0x6c, 0x03, 0xff, 0x6c, 0x03, 0xff, 0x6c, 0x03, 0xff, 0x6c, 0x03, 0xff, 0x6c, 0x03, 0xff, 0x6c, 0x03, 0xff, 0x6c, 0x03, 0xff,
  0x6c, 0x03, 0xff, 0x6c, 0x03, 0xff, 0x6c, 0x03, 0xff, 0x6c, 0x03, 0xff, 0x6c, 0x03, 0xff, 0x6c, 0x03, 0xff, 0x6c, 0x03, 0xff, 0x6c, 0x03, 0xff,
  0x6c, 0x03, 0xff, 0x6c, 0x03, 0xff, 0x6c, 0x03, 0xff, 0x6c, 0x03, 0xff, 0x6c, 0x03, 0xff, 0x6c, 0x03, 0xff, 0x6c, 0x03, 0xff, 0x6c, 0x03, 0xff,
  0x6c, 0x03, 0xff, 0x6c, 0x03, 0xff, 0x6c, 0x03, 0xff, 0x6c, 0x03, 0xff, 0x6c, 0x03, 0xff, 0x6c, 0x03, 0xff, 0x6c, 0x03, 0xff, 0x6c, 0x03, 0xff,
  0x6c, 0x03, 0xff, 0x6c, 0x03, 0xff, 0x6c, 0x03, 0xff, 0x6c, 0x03, 0xff, 0x6c, 0x03, 0xff, 0x6c, 0x03, 0xff, 0x6c, 0x03, 0xff, 0x6c, 0x03, 0xff,
  0x6c, 0x03, 0xff, 0x6c, 0x03, 0x96, 0x00, 0x00, 0x00, 0x00, 0x00, 0x00, 0x00, 0x00, 0x00, 0x00, 0x00, 0x00, 0x00, 0x00, 0x00, 0x00, 0x00, 0x00,
  0x00, 0x00, 0x00, 0x00, 0x00, 0x00, 0x00, 0x00, 0x00, 0x00, 0x00, 0x00, 0x00, 0x00, 0x00, 0x00, 0x00, 0x00, 0x00, 0x00, 0x00, 0x00, 0x00, 0x00,
  0x00, 0x00, 0x00, 0x00, 0x00, 0x00, 0x00, 0x00, 0x00, 0x00, 0x00, 0x00, 0x00, 0x00, 0x00, 0x00, 0x00, 0x00, 0x00, 0x00, 0x00, 0x00, 0x00, 0x00,
  0x00, 0x00, 0x00, 0x00, 0x00, 0x00, 0x00, 0x00, 0x00, 0x00, 0x00, 0x00, 0x00, 0x00, 0x00, 0x00, 0x00, 0x00, 0x00, 0x00, 0x00, 0x00, 0x00, 0x00,
  0x00, 0x00, 0x00, 0x00, 0x00, 0x00, 0x00, 0x00, 0x00, 0x00, 0x00, 0x00, 0x00, 0x00, 0x00, 0x4c, 0x03, 0x80, 0x6c, 0x03, 0xff, 0x6c, 0x03, 0xff,
  0x6c, 0x03, 0xff, 0x6c, 0x03, 0xff, 0x6c, 0x03, 0xff, 0x6c, 0x03, 0xff, 0x6c, 0x03, 0xff, 0x6c, 0x03, 0xff, 0x6c, 0x03, 0xff, 0x6c, 0x03, 0xff,
  0x6c, 0x03, 0xff, 0x6c, 0x03, 0xff, 0x6c, 0x03, 0xff, 0x6c, 0x03, 0xff, 0x6c, 0x03, 0xff, 0x6c, 0x03, 0xff, 0x6c, 0x03, 0xff, 0x6c, 0x03, 0xff,
  0x6c, 0x03, 0xff, 0x6c, 0x03, 0xff, 0x6c, 0x03, 0xff, 0x6c, 0x03, 0xff, 0x6c, 0x03, 0xff, 0x6c, 0x03, 0xff, 0x6c, 0x03, 0xff, 0x6c, 0x03, 0xff,
  0x6c, 0x03, 0xff, 0x6c, 0x03, 0xff, 0x6c, 0x03, 0xff, 0x6c, 0x03, 0xff, 0x6c, 0x03, 0xff, 0x6c, 0x03, 0xff, 0x6c, 0x03, 0xff, 0x6c, 0x03, 0xff,
  0x6c, 0x03, 0xff, 0x6c, 0x03, 0xff, 0x6c, 0x03, 0xff, 0x6c, 0x03, 0xff, 0x6c, 0x03, 0xff, 0x6c, 0x03, 0xff, 0x6c, 0x03, 0xff, 0x6c, 0x03, 0xff,
  0x6c, 0x03, 0xff, 0x6c, 0x03, 0xff, 0x6c, 0x03, 0xff, 0x6c, 0x03, 0xff, 0x6c, 0x03, 0xff, 0x6c, 0x03, 0xff, 0x6c, 0x03, 0xff, 0x6c, 0x03, 0xff,
  0x6c, 0x03, 0xff, 0x6c, 0x03, 0xff, 0x6c, 0x03, 0xff, 0x6c, 0x03, 0xff, 0x6c, 0x03, 0xff, 0x6c, 0x03, 0xff, 0x6c, 0x03, 0xff, 0x6c, 0x03, 0xff,
  0x6c, 0x03, 0xff, 0x6c, 0x03, 0xff, 0x4d, 0x03, 0x4c, 0x00, 0x00, 0x00, 0x00, 0x00, 0x00, 0x00, 0x00, 0x00, 0x00, 0x00, 0x00, 0x00, 0x00, 0x00,
  0x00, 0x00, 0x00, 0x00, 0x00, 0x00, 0x00, 0x00, 0x00, 0x00, 0x00, 0x00, 0x00, 0x00, 0x00, 0x00, 0x00, 0x00, 0x00, 0x00, 0x00, 0x00, 0x00, 0x00,
  0x00, 0x00, 0x00, 0x00, 0x00, 0x00, 0x00, 0x00, 0x00, 0x00, 0x00, 0x00, 0x00, 0x00, 0x00, 0x00, 0x00, 0x00, 0x00, 0x00, 0x00, 0x00, 0x00, 0x00,
  0x00, 0x00, 0x00, 0x00, 0x00, 0x00, 0x00, 0x00, 0x00, 0x00, 0x00, 0x00, 0x00, 0x00, 0x00, 0x00, 0x00, 0x00, 0x00, 0x00, 0x00, 0x00, 0x00, 0x00,
  0x00, 0x00, 0x00, 0x00, 0x00, 0x00, 0x00, 0x00, 0x00, 0x00, 0x00, 0x00, 0x00, 0x00, 0x00, 0x4c, 0x03, 0x80, 0x6c, 0x03, 0xff, 0x6c, 0x03, 0xff,
  0x6c, 0x03, 0xff, 0x6c, 0x03, 0xff, 0x6c, 0x03, 0xff, 0x6c, 0x03, 0xff, 0x6c, 0x03, 0xff, 0x6c, 0x03, 0xff, 0x6c, 0x03, 0xff, 0x6c, 0x03, 0xff,
  0x6c, 0x03, 0xff, 0x6c, 0x03, 0xff, 0x6c, 0x03, 0xff, 0x6c, 0x03, 0xff, 0x6c, 0x03, 0xff, 0x6c, 0x03, 0xff, 0x6c, 0x03, 0xff, 0x6c, 0x03, 0xff,
  0x6c, 0x03, 0xff, 0x6c, 0x03, 0xff, 0x6c, 0x03, 0xff, 0x6c, 0x03, 0xff, 0x6c, 0x03, 0xff, 0x6c, 0x03, 0xff, 0x6c, 0x03, 0xff, 0x6c, 0x03, 0xff,
  0x6c, 0x03, 0xff, 0x4c, 0x03, 0xf4, 0x4c, 0x03, 0xa1, 0x4c, 0x03, 0x61, 0x4c, 0x03, 0x43, 0x4c, 0x03, 0x43, 0x4c, 0x03, 0x61, 0x4c, 0x03, 0xa1,
  0x4c, 0x03, 0xf4, 0x6c, 0x03, 0xff, 0x6c, 0x03, 0xff, 0x6c, 0x03, 0xff, 0x6c, 0x03, 0xff, 0x6c, 0x03, 0xff, 0x6c, 0x03, 0xff, 0x6c, 0x03, 0xff,
  0x6c, 0x03, 0xff, 0x6c, 0x03, 0xff, 0x6c, 0x03, 0xff, 0x6c, 0x03, 0xff, 0x6c, 0x03, 0xff, 0x6c, 0x03, 0xff, 0x6c, 0x03, 0xff, 0x6c, 0x03, 0xff,
  0x6c, 0x03, 0xff, 0x6c, 0x03, 0xff, 0x6c, 0x03, 0xff, 0x6c, 0x03, 0xff, 0x6c, 0x03, 0xff, 0x6c, 0x03, 0xff, 0x6c, 0x03, 0xff, 0x6c, 0x03, 0xff,
  0x6c, 0x03, 0xff, 0x6c, 0x03, 0xff, 0x6c, 0x03, 0xb5, 0x00, 0x00, 0x00, 0x00, 0x00, 0x00, 0x00, 0x00, 0x00, 0x00, 0x00, 0x00, 0x00, 0x00, 0x00,
  0x00, 0x00, 0x00, 0x00, 0x00, 0x00, 0x00, 0x00, 0x00, 0x00, 0x00, 0x00, 0x00, 0x00, 0x00, 0x00, 0x00, 0x00, 0x00, 0x00, 0x00, 0x00, 0x00, 0x00,
  0x00, 0x00, 0x00, 0x00, 0x00, 0x00, 0x00, 0x00, 0x00, 0x00, 0x00, 0x00, 0x00, 0x00, 0x00, 0x00, 0x00, 0x00, 0x00, 0x00, 0x00, 0x00, 0x00, 0x00,
  0x00, 0x00, 0x00, 0x00, 0x00, 0x00, 0x00, 0x00, 0x00, 0x00, 0x00, 0x00, 0x00, 0x00, 0x00, 0x00, 0x00, 0x00, 0x00, 0x00, 0x00, 0x00, 0x00, 0x00,
  0x00, 0x00, 0x00, 0x00, 0x00, 0x00, 0x00, 0x00, 0x00, 0x00, 0x00, 0x00, 0x00, 0x00, 0x00, 0x4c, 0x03, 0x80, 0x6c, 0x03, 0xff, 0x6c, 0x03, 0xff,
  0x6c, 0x03, 0xff, 0x6c, 0x03, 0xff, 0x6c, 0x03, 0xff, 0x6c, 0x03, 0xff, 0x6c, 0x03, 0xff, 0x6c, 0x03, 0xff, 0x6c, 0x03, 0xff, 0x6c, 0x03, 0xff,
  0x6c, 0x03, 0xff, 0x6c, 0x03, 0xff, 0x6c, 0x03, 0xff, 0x6c, 0x03, 0xff, 0x6c, 0x03, 0xff, 0x6c, 0x03, 0xff, 0x6c, 0x03, 0xff, 0x6c, 0x03, 0xff,
  0x6c, 0x03, 0xff, 0x6c, 0x03, 0xff, 0x6c, 0x03, 0xff, 0x6c, 0x03, 0xff, 0x6c, 0x03, 0xff, 0x6c, 0x03, 0xff, 0x6c, 0x03, 0xff, 0x6c, 0x03, 0xfe,
  0x4c, 0x03, 0x95, 0x8c, 0x03, 0x12, 0x00, 0x00, 0x00, 0x00, 0x00, 0x00, 0x00, 0x00, 0x00, 0x00, 0x00, 0x00, 0x00, 0x00, 0x00, 0x00, 0x00, 0x00,
  0x4d, 0x03, 0x13, 0x6c, 0x03, 0x97, 0x6c, 0x03, 0xfe, 0x6c, 0x03, 0xff, 0x6c, 0x03, 0xff, 0x6c, 0x03, 0xff, 0x6c, 0x03, 0xff, 0x6c, 0x03, 0xff,
  0x6c, 0x03, 0xff, 0x6c, 0x03, 0xff, 0x6c, 0x03, 0xff, 0x6c, 0x03, 0xff, 0x6c, 0x03, 0xff, 0x6c, 0x03, 0xff, 0x6c, 0x03, 0xff, 0x6c, 0x03, 0xff,
  0x6c, 0x03, 0xff, 0x6c, 0x03, 0xff, 0x6c, 0x03, 0xff, 0x6c, 0x03, 0xff, 0x6c, 0x03, 0xff, 0x6c, 0x03, 0xff, 0x6c, 0x03, 0xff, 0x6c, 0x03, 0xff,
  0x6c, 0x03, 0xff, 0x6c, 0x03, 0xff, 0x4c, 0x03, 0xea, 0x00, 0x00, 0x00, 0x00, 0x00, 0x00, 0x00, 0x00, 0x00, 0x00, 0x00, 0x00, 0x00, 0x00, 0x00,
  0x00, 0x00, 0x00, 0x00, 0x00, 0x00, 0x00, 0x00, 0x00, 0x00, 0x00, 0x00, 0x00, 0x00, 0x00, 0x00, 0x00, 0x00, 0x00, 0x00, 0x00, 0x00, 0x00, 0x00,
  0x00, 0x00, 0x00, 0x00, 0x00, 0x00, 0x00, 0x00, 0x00, 0x00, 0x00, 0x00, 0x00, 0x00, 0x00, 0x00, 0x00, 0x00, 0x00, 0x00, 0x00, 0x00, 0x00, 0x00,
  0x00, 0x00, 0x00, 0x00, 0x00, 0x00, 0x00, 0x00, 0x00, 0x00, 0x00, 0x00, 0x00, 0x00, 0x00, 0x00, 0x00, 0x00, 0x00, 0x00, 0x00, 0x00, 0x00, 0x00,
  0x00, 0x00, 0x00, 0x00, 0x00, 0x00, 0x00, 0x00, 0x00, 0x00, 0x00, 0x00, 0x00, 0x00, 0x00, 0x4c, 0x03, 0x80, 0x6c, 0x03, 0xff, 0x6c, 0x03, 0xff,
  0x6c, 0x03, 0xff, 0x6c, 0x03, 0xff, 0x6c, 0x03, 0xff, 0x6c, 0x03, 0xff, 0x6c, 0x03, 0xff, 0x6c, 0x03, 0xff, 0x6c, 0x03, 0xff, 0x6c, 0x03, 0xff,
  0x6c, 0x03, 0xff, 0x6c, 0x03, 0xff, 0x6c, 0x03, 0xff, 0x6c, 0x03, 0xff, 0x6c, 0x03, 0xff, 0x6c, 0x03, 0xff, 0x6c, 0x03, 0xff, 0x6c, 0x03, 0xff,
  0x6c, 0x03, 0xff, 0x6c, 0x03, 0xff, 0x6c, 0x03, 0xff, 0x6c, 0x03, 0xff, 0x6c, 0x03, 0xff, 0x6c, 0x03, 0xff, 0x4c, 0x03, 0xfb, 0x6c, 0x03, 0x5b,
  0x00, 0x00, 0x00, 0x00, 0x00, 0x00, 0x00, 0x00, 0x00, 0x00, 0x00, 0x00, 0x00, 0x00, 0x00, 0x00, 0x00, 0x00, 0x00, 0x00, 0x00, 0x00, 0x00, 0x00,
  0x00, 0x00, 0x00, 0x00, 0x00, 0x00, 0x4d, 0x03, 0x5d, 0x6c, 0x03, 0xfc, 0x6c, 0x03, 0xff, 0x6c, 0x03, 0xff, 0x6c, 0x03, 0xff, 0x6c, 0x03, 0xff,
  0x6c, 0x03, 0xff, 0x6c, 0x03, 0xff, 0x6c, 0x03, 0xff, 0x6c, 0x03, 0xff, 0x6c, 0x03, 0xff, 0x6c, 0x03, 0xff, 0x6c, 0x03, 0xff, 0x6c, 0x03, 0xff,
  0x6c, 0x03, 0xff, 0x6c, 0x03, 0xff, 0x6c, 0x03, 0xff, 0x6c, 0x03, 0xff, 0x6c, 0x03, 0xff, 0x6c, 0x03, 0xff, 0x6c, 0x03, 0xff, 0x6c, 0x03, 0xff,
  0x6c, 0x03, 0xff, 0x6c, 0x03, 0xff, 0x4c, 0x03, 0xfd, 0x00, 0x00, 0x00, 0x00, 0x00, 0x00, 0x00, 0x00, 0x00, 0x00, 0x00, 0x00, 0x00, 0x00, 0x00,
  0x00, 0x00, 0x00, 0x00, 0x00, 0x00, 0x00, 0x00, 0x00, 0x00, 0x00, 0x00, 0x00, 0x00, 0x00, 0x00, 0x00, 0x00, 0x00, 0x00, 0x00, 0x00, 0x00, 0x00,
  0x00, 0x00, 0x00, 0x00, 0x00, 0x00, 0x00, 0x00, 0x00, 0x00, 0x00, 0x00, 0x00, 0x00, 0x00, 0x00, 0x00, 0x00, 0x00, 0x00, 0x00, 0x00, 0x00, 0x00,
  0x00, 0x00, 0x00, 0x00, 0x00, 0x00, 0x00, 0x00, 0x00, 0x00, 0x00, 0x00, 0x00, 0x00, 0x00, 0x00, 0x00, 0x00, 0x00, 0x00, 0x00, 0x00, 0x00, 0x00,
  0x00, 0x00, 0x00, 0x00, 0x00, 0x00, 0x00, 0x00, 0x00, 0x00, 0x00, 0x00, 0x00, 0x00, 0x00, 0x4c, 0x03, 0x80, 0x6c, 0x03, 0xff, 0x6c, 0x03, 0xff,
  0x6c, 0x03, 0xff, 0x6c, 0x03, 0xff, 0x6c, 0x03, 0xff, 0x6c, 0x03, 0xff, 0x6c, 0x03, 0xff, 0x6c, 0x03, 0xff, 0x6c, 0x03, 0xff, 0x6c, 0x03, 0xff,
  0x6c, 0x03, 0xff, 0x6c, 0x03, 0xff, 0x6c, 0x03, 0xff, 0x6c, 0x03, 0xff, 0x6c, 0x03, 0xff, 0x6c, 0x03, 0xff, 0x6c, 0x03, 0xff, 0x6c, 0x03, 0xff,
  0x6c, 0x03, 0xff, 0x6c, 0x03, 0xff, 0x6c, 0x03, 0xff, 0x6c, 0x03, 0xff, 0x6c, 0x03, 0xff, 0x6c, 0x03, 0xff, 0x6c, 0x03, 0x71, 0x00, 0x00, 0x00,
  0x00, 0x00, 0x00, 0x00, 0x00, 0x00, 0x00, 0x00, 0x00, 0x00, 0x00, 0x00, 0x00, 0x00, 0x00, 0x00, 0x00, 0x00, 0x00, 0x00, 0x00, 0x00, 0x00, 0x00,
  0x00, 0x00, 0x00, 0x00, 0x00, 0x00, 0x00, 0x00, 0x00, 0x4c, 0x03, 0x74, 0x6c, 0x03, 0xff, 0x6c, 0x03, 0xff, 0x6c, 0x03, 0xff, 0x6c, 0x03, 0xff,
  0x6c, 0x03, 0xff, 0x6c, 0x03, 0xff, 0x6c, 0x03, 0xff, 0x6c, 0x03, 0xff, 0x6c, 0x03, 0xff, 0x6c, 0x03, 0xff, 0x6c, 0x03, 0xff, 0x6c, 0x03, 0xff,
  0x6c, 0x03, 0xff, 0x6c, 0x03, 0xff, 0x6c, 0x03, 0xff, 0x6c, 0x03, 0xff, 0x6c, 0x03, 0xff, 0x6c, 0x03, 0xff, 0x6c, 0x03, 0xff, 0x6c, 0x03, 0xff,
  0x6c, 0x03, 0xff, 0x6c, 0x03, 0xff, 0x6c, 0x03, 0xff, 0x00, 0x00, 0x00, 0x00, 0x00, 0x00, 0x00, 0x00, 0x00, 0x00, 0x00, 0x00, 0x00, 0x00, 0x00,
  0x00, 0x00, 0x00, 0x00, 0x00, 0x00, 0x00, 0x00, 0x00, 0x00, 0x00, 0x00, 0x00, 0x00, 0x00, 0x00, 0x00, 0x00, 0x00, 0x00, 0x00, 0x00, 0x00, 0x00,
  0x00, 0x00, 0x00, 0x00, 0x00, 0x00, 0x00, 0x00, 0x00, 0x00, 0x00, 0x00, 0x00, 0x00, 0x00, 0x00, 0x00, 0x00, 0x00, 0x00, 0x00, 0x00, 0x00, 0x00,
  0x00, 0x00, 0x00, 0x00, 0x00, 0x00, 0x00, 0x00, 0x00, 0x00, 0x00, 0x00, 0x00, 0x00, 0x00, 0x00, 0x00, 0x00, 0x00, 0x00, 0x00, 0x00, 0x00, 0x00,
  0x00, 0x00, 0x00, 0x00, 0x00, 0x00, 0x00, 0x00, 0x00, 0x00, 0x00, 0x00, 0x00, 0x00, 0x00, 0x4c, 0x03, 0x80, 0x6c, 0x03, 0xff, 0x6c, 0x03, 0xff,
  0x6c, 0x03, 0xff, 0x6c, 0x03, 0xff, 0x6c, 0x03, 0xff, 0x6c, 0x03, 0xff, 0x6c, 0x03, 0xff, 0x6c, 0x03, 0xff, 0x6c, 0x03, 0xff, 0x6c, 0x03, 0xff,
  0x6c, 0x03, 0xff, 0x6c, 0x03, 0xff, 0x6c, 0x03, 0xff, 0x6c, 0x03, 0xff, 0x6c, 0x03, 0xff, 0x6c, 0x03, 0xff, 0x6c, 0x03, 0xff, 0x6c, 0x03, 0xff,
  0x6c, 0x03, 0xff, 0x6c, 0x03, 0xff, 0x6c, 0x03, 0xff, 0x6c, 0x03, 0xff, 0x6c, 0x03, 0xff, 0x4c, 0x03, 0xc9, 0x00, 0x00, 0x01, 0x00, 0x00, 0x00,
  0x00, 0x00, 0x00, 0x00, 0x00, 0x00, 0x00, 0x00, 0x00, 0x00, 0x00, 0x00, 0x00, 0x00, 0x00, 0x00, 0x00, 0x00, 0x00, 0x00, 0x00, 0x00, 0x00, 0x00,
  0x00, 0x00, 0x00, 0x00, 0x00, 0x00, 0x00, 0x00, 0x00, 0x00, 0x00, 0x01, 0x6c, 0x03, 0xcb, 0x6c, 0x03, 0xff, 0x6c, 0x03, 0xff, 0x6c, 0x03, 0xff,
  0x6c, 0x03, 0xff, 0x6c, 0x03, 0xff, 0x6c, 0x03, 0xff, 0x6c, 0x03, 0xff, 0x6c, 0x03, 0xff, 0x6c, 0x03, 0xff, 0x6c, 0x03, 0xff, 0x6c, 0x03, 0xff,
  0x6c, 0x03, 0xff, 0x6c, 0x03, 0xff, 0x6c, 0x03, 0xff, 0x6c, 0x03, 0xff, 0x6c, 0x03, 0xff, 0x6c, 0x03, 0xff, 0x6c, 0x03, 0xff, 0x6c, 0x03, 0xff,
  0x6c, 0x03, 0xff, 0x6c, 0x03, 0xff, 0x6c, 0x03, 0xff, 0x00, 0x00, 0x00, 0x00, 0x00, 0x00, 0x00, 0x00, 0x00, 0x00, 0x00, 0x00, 0x00, 0x00, 0x00,
  0x00, 0x00, 0x00, 0x00, 0x00, 0x00, 0x00, 0x00, 0x00, 0x00, 0x00, 0x00, 0x00, 0x00, 0x00, 0x00, 0x00, 0x00, 0x00, 0x00, 0x00, 0x00, 0x00, 0x00,
  0x00, 0x00, 0x00, 0x00, 0x00, 0x00, 0x00, 0x00, 0x00, 0x00, 0x00, 0x00, 0x00, 0x00, 0x00, 0x00, 0x00, 0x00, 0x00, 0x00, 0x00, 0x00, 0x00, 0x00,
  0x00, 0x00, 0x00, 0x00, 0x00, 0x00, 0x00, 0x00, 0x00, 0x00, 0x00, 0x00, 0x00, 0x00, 0x00, 0x00, 0x00, 0x00, 0x00, 0x00, 0x00, 0x00, 0x00, 0x00,
  0x00, 0x00, 0x00, 0x00, 0x00, 0x00, 0x00, 0x00, 0x00, 0x00, 0x00, 0x00, 0x00, 0x00, 0x00, 0x4c, 0x03, 0x80, 0x6c, 0x03, 0xff, 0x6c, 0x03, 0xff,
  0x6c, 0x03, 0xff, 0x6c, 0x03, 0xff, 0x6c, 0x03, 0xff, 0x6c, 0x03, 0xff, 0x6c, 0x03, 0xff, 0x6c, 0x03, 0xff, 0x6c, 0x03, 0xff, 0x6c, 0x03, 0xff,
  0x6c, 0x03, 0xff, 0x6c, 0x03, 0xff, 0x6c, 0x03, 0xff, 0x6c, 0x03, 0xff, 0x6c, 0x03, 0xff, 0x6c, 0x03, 0xff, 0x6c, 0x03, 0xff, 0x6c, 0x03, 0xff,
  0x6c, 0x03, 0xff, 0x6c, 0x03, 0xff, 0x6c, 0x03, 0xff, 0x6c, 0x03, 0xff, 0x6c, 0x03, 0xff, 0x4d, 0x03, 0x53, 0x00, 0x00, 0x00, 0x00, 0x00, 0x00,
  0x00, 0x00, 0x00, 0x00, 0x00, 0x00, 0x00, 0x00, 0x00, 0x00, 0x00, 0x00, 0x00, 0x00, 0x00, 0x00, 0x00, 0x00, 0x00, 0x00, 0x00, 0x00, 0x00, 0x00,
  0x00, 0x00, 0x00, 0x00, 0x00, 0x00, 0x00, 0x00, 0x00, 0x00, 0x00, 0x00, 0x6c, 0x03, 0x55, 0x6c, 0x03, 0xff, 0x6c, 0x03, 0xff, 0x6c, 0x03, 0xff,
  0x6c, 0x03, 0xff, 0x6c, 0x03, 0xff, 0x6c, 0x03, 0xff, 0x6c, 0x03, 0xff, 0x6c, 0x03, 0xff, 0x6c, 0x03, 0xff, 0x6c, 0x03, 0xff, 0x6c, 0x03, 0xff,
  0x6c, 0x03, 0xff, 0x6c, 0x03, 0xff, 0x6c, 0x03, 0xff, 0x6c, 0x03, 0xff, 0x6c, 0x03, 0xff, 0x6c, 0x03, 0xff, 0x6c, 0x03, 0xff, 0x6c, 0x03, 0xff,
  0x6c, 0x03, 0xff, 0x6c, 0x03, 0xff, 0x6c, 0x03, 0xff, 0x00, 0x00, 0x00, 0x00, 0x00, 0x00, 0x00, 0x00, 0x00, 0x00, 0x00, 0x00, 0x00, 0x00, 0x00,
  0x00, 0x00, 0x00, 0x00, 0x00, 0x00, 0x00, 0x00, 0x00, 0x00, 0x00, 0x00, 0x00, 0x00, 0x00, 0x00, 0x00, 0x00, 0x00, 0x00, 0x00, 0x00, 0x00, 0x00,
  0x00, 0x00, 0x00, 0x00, 0x00, 0x00, 0x00, 0x00, 0x00, 0x00, 0x00, 0x00, 0x00, 0x00, 0x00, 0x00, 0x00, 0x00, 0x00, 0x00, 0x00, 0x00, 0x00, 0x00,
  0x00, 0x00, 0x00, 0x00, 0x00, 0x00, 0x00, 0x00, 0x00, 0x00, 0x00, 0x00, 0x00, 0x00, 0x00, 0x00, 0x00, 0x00, 0x00, 0x00, 0x00, 0x00, 0x00, 0x00,
  0x00, 0x00, 0x00, 0x00, 0x00, 0x00, 0x00, 0x00, 0x00, 0x00, 0x00, 0x00, 0x00, 0x00, 0x00, 0x4c, 0x03, 0x80, 0x6c, 0x03, 0xff, 0x6c, 0x03, 0xff,
  0x6c, 0x03, 0xff, 0x6c, 0x03, 0xff, 0x6c, 0x03, 0xff, 0x6c, 0x03, 0xff, 0x6c, 0x03, 0xff, 0x6c, 0x03, 0xff, 0x6c, 0x03, 0xff, 0x6c, 0x03, 0xff,
  0x6c, 0x03, 0xff, 0x6c, 0x03, 0xff, 0x6c, 0x03, 0xff, 0x6c, 0x03, 0xff, 0x6c, 0x03, 0xff, 0x6c, 0x03, 0xff, 0x6c, 0x03, 0xff, 0x6c, 0x03, 0xff,
  0x6c, 0x03, 0xff, 0x6c, 0x03, 0xff, 0x6c, 0x03, 0xff, 0x6c, 0x03, 0xff, 0x4c, 0x03, 0xf8, 0x8b, 0x03, 0x0b, 0x00, 0x00, 0x00, 0x00, 0x00, 0x00,
  0x00, 0x00, 0x00, 0x00, 0x00, 0x00, 0x00, 0x00, 0x00, 0x00, 0x00, 0x00, 0x00, 0x00, 0x00, 0x00, 0x00, 0x00, 0x00, 0x00, 0x00, 0x00, 0x00, 0x00,
  0x00, 0x00, 0x00, 0x00, 0x00, 0x00, 0x00, 0x00, 0x00, 0x00, 0x00, 0x00, 0x8b, 0x03, 0x0b, 0x4c, 0x03, 0xf8, 0x6c, 0x03, 0xff, 0x6c, 0x03, 0xff,
  0x6c, 0x03, 0xff, 0x6c, 0x03, 0xff, 0x6c, 0x03, 0xff, 0x6c, 0x03, 0xff, 0x6c, 0x03, 0xff, 0x6c, 0x03, 0xff, 0x6c, 0x03, 0xff, 0x6c, 0x03, 0xff,
  0x6c, 0x03, 0xff, 0x6c, 0x03, 0xff, 0x6c, 0x03, 0xff, 0x6c, 0x03, 0xff, 0x6c, 0x03, 0xff, 0x6c, 0x03, 0xff, 0x6c, 0x03, 0xff, 0x6c, 0x03, 0xff,
  0x6c, 0x03, 0xff, 0x6c, 0x03, 0xff, 0x6c, 0x03, 0xff, 0x00, 0x00, 0x00, 0x00, 0x00, 0x00, 0x00, 0x00, 0x00, 0x00, 0x00, 0x00, 0x00, 0x00, 0x00,
  0x00, 0x00, 0x00, 0x00, 0x00, 0x00, 0x00, 0x00, 0x00, 0x00, 0x00, 0x00, 0x00, 0x00, 0x00, 0x00, 0x00, 0x00, 0x00, 0x00, 0x00, 0x00, 0x00, 0x00,
  0x00, 0x00, 0x00, 0x00, 0x00, 0x00, 0x00, 0x00, 0x00, 0x00, 0x00, 0x00, 0x00, 0x00, 0x00, 0x00, 0x00, 0x00, 0x00, 0x00, 0x00, 0x00, 0x00, 0x00,
  0x00, 0x00, 0x00, 0x00, 0x00, 0x00, 0x00, 0x00, 0x00, 0x00, 0x00, 0x00, 0x00, 0x00, 0x00, 0x00, 0x00, 0x00, 0x00, 0x00, 0x00, 0x00, 0x00, 0x00,
  0x00, 0x00, 0x00, 0x00, 0x00, 0x00, 0x00, 0x00, 0x00, 0x00, 0x00, 0x00, 0x00, 0x00, 0x00, 0x4c, 0x03, 0x80, 0x6c, 0x03, 0xff, 0x6c, 0x03, 0xff,
  0x6c, 0x03, 0xff, 0x6c, 0x03, 0xff, 0x6c, 0x03, 0xff, 0x6c, 0x03, 0xff, 0x6c, 0x03, 0xff, 0x6c, 0x03, 0xff, 0x6c, 0x03, 0xff, 0x6c, 0x03, 0xff,
  0x6c, 0x03, 0xff, 0x6c, 0x03, 0xff, 0x6c, 0x03, 0xff, 0x6c, 0x03, 0xff, 0x6c, 0x03, 0xff, 0x6c, 0x03, 0xff, 0x6c, 0x03, 0xff, 0x6c, 0x03, 0xff,
  0x6c, 0x03, 0xff, 0x6c, 0x03, 0xff, 0x6c, 0x03, 0xff, 0x6c, 0x03, 0xff, 0x4c, 0x03, 0xd5, 0x00, 0x00, 0x00, 0x00, 0x00, 0x00, 0x00, 0x00, 0x00,
  0x00, 0x00, 0x00, 0x00, 0x00, 0x00, 0x00, 0x00, 0x00, 0x00, 0x00, 0x00, 0x00, 0x00, 0x00, 0x00, 0x00, 0x00, 0x00, 0x00, 0x00, 0x00, 0x00, 0x00,
  0x00, 0x00, 0x00, 0x00, 0x00, 0x00, 0x00, 0x00, 0x00, 0x00, 0x00, 0x00, 0x00, 0x00, 0x00, 0x4c, 0x03, 0xd8, 0x6c, 0x03, 0xff, 0x6c, 0x03, 0xff,
  0x6c, 0x03, 0xff, 0x6c, 0x03, 0xff, 0x6c, 0x03, 0xff, 0x6c, 0x03, 0xff, 0x6c, 0x03, 0xff, 0x6c, 0x03, 0xff, 0x6c, 0x03, 0xff, 0x6c, 0x03, 0xff,
  0x6c, 0x03, 0xff, 0x6c, 0x03, 0xff, 0x6c, 0x03, 0xff, 0x6c, 0x03, 0xff, 0x6c, 0x03, 0xff, 0x6c, 0x03, 0xff, 0x6c, 0x03, 0xff, 0x6c, 0x03, 0xff,
  0x6c, 0x03, 0xff, 0x6c, 0x03, 0xff, 0x6c, 0x03, 0xff, 0x00, 0x00, 0x00, 0x00, 0x00, 0x00, 0x00, 0x00, 0x00, 0x00, 0x00, 0x00, 0x00, 0x00, 0x00,
  0x00, 0x00, 0x00, 0x00, 0x00, 0x00, 0x00, 0x00, 0x00, 0x00, 0x00, 0x00, 0x00, 0x00, 0x00, 0x00, 0x00, 0x00, 0x00, 0x00, 0x00, 0x00, 0x00, 0x00,
  0x00, 0x00, 0x00, 0x00, 0x00, 0x00, 0x00, 0x00, 0x00, 0x00, 0x00, 0x00, 0x00, 0x00, 0x00, 0x00, 0x00, 0x00, 0x00, 0x00, 0x00, 0x00, 0x00, 0x00,
  0x00, 0x00, 0x00, 0x00, 0x00, 0x00, 0x00, 0x00, 0x00, 0x00, 0x00, 0x00, 0x00, 0x00, 0x00, 0x00, 0x00, 0x00, 0x00, 0x00, 0x00, 0x00, 0x00, 0x00,
  0x00, 0x00, 0x00, 0x00, 0x00, 0x00, 0x00, 0x00, 0x00, 0x00, 0x00, 0x00, 0x00, 0x00, 0x00, 0x4c, 0x03, 0x80, 0x6c, 0x03, 0xff, 0x6c, 0x03, 0xff,
  0x6c, 0x03, 0xff, 0x6c, 0x03, 0xff, 0x6c, 0x03, 0xff, 0x6c, 0x03, 0xff, 0x6c, 0x03, 0xff, 0x6c, 0x03, 0xff, 0x6c, 0x03, 0xff, 0x6c, 0x03, 0xff,
  0x6c, 0x03, 0xff, 0x6c, 0x03, 0xff, 0x6c, 0x03, 0xff, 0x6c, 0x03, 0xff, 0x6c, 0x03, 0xff, 0x6c, 0x03, 0xff, 0x6c, 0x03, 0xff, 0x6c, 0x03, 0xff,
  0x6c, 0x03, 0xff, 0x6c, 0x03, 0xff, 0x6c, 0x03, 0xff, 0x6c, 0x03, 0xff, 0x4c, 0x03, 0xc4, 0x00, 0x00, 0x00, 0x00, 0x00, 0x00, 0x00, 0x00, 0x00,
  0x00, 0x00, 0x00, 0x00, 0x00, 0x00, 0x00, 0x00, 0x00, 0x00, 0x00, 0x00, 0x00, 0x00, 0x00, 0x00, 0x00, 0x00, 0x00, 0x00, 0x00, 0x00, 0x00, 0x00,
  0x00, 0x00, 0x00, 0x00, 0x00, 0x00, 0x00, 0x00, 0x00, 0x00, 0x00, 0x00, 0x00, 0x00, 0x00, 0x4c, 0x03, 0xc7, 0x6c, 0x03, 0xff, 0x6c, 0x03, 0xff,
  0x6c, 0x03, 0xff, 0x6c, 0x03, 0xff, 0x6c, 0x03, 0xff, 0x6c, 0x03, 0xff, 0x6c, 0x03, 0xff, 0x6c, 0x03, 0xff, 0x6c, 0x03, 0xff, 0x6c, 0x03, 0xff,
  0x6c, 0x03, 0xff, 0x6c, 0x03, 0xff, 0x6c, 0x03, 0xff, 0x6c, 0x03, 0xff, 0x6c, 0x03, 0xff, 0x6c, 0x03, 0xff, 0x6c, 0x03, 0xff, 0x6c, 0x03, 0xff,
  0x6c, 0x03, 0xff, 0x6c, 0x03, 0xff, 0x6c, 0x03, 0xff, 0x00, 0x00, 0x00, 0x00, 0x00, 0x00, 0x00, 0x00, 0x00, 0x00, 0x00, 0x00, 0x00, 0x00, 0x00,
  0x00, 0x00, 0x00, 0x00, 0x00, 0x00, 0x00, 0x00, 0x00, 0x00, 0x00, 0x00, 0x00, 0x00, 0x00, 0x00, 0x00, 0x00, 0x00, 0x00, 0x00, 0x00, 0x00, 0x00,
  0x00, 0x00, 0x00, 0x00, 0x00, 0x00, 0x00, 0x00, 0x00, 0x00, 0x00, 0x00, 0x00, 0x00, 0x00, 0x00, 0x00, 0x00, 0x00, 0x00, 0x00, 0x00, 0x00, 0x00,
  0x00, 0x00, 0x00, 0x00, 0x00, 0x00, 0x00, 0x00, 0x00, 0x00, 0x00, 0x00, 0x00, 0x00, 0x00, 0x00, 0x00, 0x00, 0x00, 0x00, 0x00, 0x00, 0x00, 0x00,
  0x00, 0x00, 0x00, 0x00, 0x00, 0x00, 0x00, 0x00, 0x00, 0x00, 0x00, 0x00, 0x00, 0x00, 0x00, 0x4c, 0x03, 0x80, 0x6c, 0x03, 0xff, 0x6c, 0x03, 0xff,
  0x6c, 0x03, 0xff, 0x6c, 0x03, 0xff, 0x6c, 0x03, 0xff, 0x6c, 0x03, 0xff, 0x6c, 0x03, 0xff, 0x6c, 0x03, 0xff, 0x6c, 0x03, 0xff, 0x6c, 0x03, 0xff,
  0x6c, 0x03, 0xff, 0x6c, 0x03, 0xff, 0x6c, 0x03, 0xff, 0x6c, 0x03, 0xff, 0x6c, 0x03, 0xff, 0x6c, 0x03, 0xff, 0x6c, 0x03, 0xff, 0x6c, 0x03, 0xff,
  0x6c, 0x03, 0xff, 0x6c, 0x03, 0xff, 0x6c, 0x03, 0xff, 0x6c, 0x03, 0xff, 0x4c, 0x03, 0xd3, 0x00, 0x00, 0x00, 0x00, 0x00, 0x00, 0x00, 0x00, 0x00,
  0x00, 0x00, 0x00, 0x00, 0x00, 0x00, 0x00, 0x00, 0x00, 0x00, 0x00, 0x00, 0x00, 0x00, 0x00, 0x00, 0x00, 0x00, 0x00, 0x00, 0x00, 0x00, 0x00, 0x00,
  0x00, 0x00, 0x00, 0x00, 0x00, 0x00, 0x00, 0x00, 0x00, 0x00, 0x00, 0x00, 0x00, 0x00, 0x00, 0x6c, 0x03, 0xd6, 0x6c, 0x03, 0xff, 0x6c, 0x03, 0xff,
  0x6c, 0x03, 0xff, 0x6c, 0x03, 0xff, 0x6c, 0x03, 0xff, 0x6c, 0x03, 0xff, 0x6c, 0x03, 0xff, 0x6c, 0x03, 0xff, 0x6c, 0x03, 0xff, 0x6c, 0x03, 0xff,
  0x6c, 0x03, 0xff, 0x6c, 0x03, 0xff, 0x6c, 0x03, 0xff, 0x6c, 0x03, 0xff, 0x6c, 0x03, 0xff, 0x6c, 0x03, 0xff, 0x6c, 0x03, 0xff, 0x6c, 0x03, 0xff,
  0x6c, 0x03, 0xff, 0x6c, 0x03, 0xff, 0x6c, 0x03, 0xff, 0x00, 0x00, 0x00, 0x00, 0x00, 0x00, 0x00, 0x00, 0x00, 0x00, 0x00, 0x00, 0x00, 0x00, 0x00,
  0x00, 0x00, 0x00, 0x00, 0x00, 0x00, 0x00, 0x00, 0x00, 0x00, 0x00, 0x00, 0x00, 0x00, 0x00, 0x00, 0x00, 0x00, 0x00, 0x00, 0x00, 0x00, 0x00, 0x00,
  0x00, 0x00, 0x00, 0x00, 0x00, 0x00, 0x00, 0x00, 0x00, 0x00, 0x00, 0x00, 0x00, 0x00, 0x00, 0x00, 0x00, 0x00, 0x00, 0x00, 0x00, 0x00, 0x00, 0x00,
  0x00, 0x00, 0x00, 0x00, 0x00, 0x00, 0x00, 0x00, 0x00, 0x00, 0x00, 0x00, 0x00, 0x00, 0x00, 0x00, 0x00, 0x00, 0x00, 0x00, 0x00, 0x00, 0x00, 0x00,
  0x00, 0x00, 0x00, 0x00, 0x00, 0x00, 0x00, 0x00, 0x00, 0x00, 0x00, 0x00, 0x00, 0x00, 0x00, 0x4c, 0x03, 0x80, 0x6c, 0x03, 0xff, 0x6c, 0x03, 0xff,
  0x6c, 0x03, 0xff, 0x6c, 0x03, 0xff, 0x6c, 0x03, 0xff, 0x6c, 0x03, 0xff, 0x6c, 0x03, 0xff, 0x6c, 0x03, 0xff, 0x6c, 0x03, 0xff, 0x6c, 0x03, 0xff,
  0x6c, 0x03, 0xff, 0x6c, 0x03, 0xff, 0x6c, 0x03, 0xff, 0x6c, 0x03, 0xff, 0x6c, 0x03, 0xff, 0x6c, 0x03, 0xff, 0x6c, 0x03, 0xff, 0x6c, 0x03, 0xff,
  0x6c, 0x03, 0xff, 0x6c, 0x03, 0xff, 0x6c, 0x03, 0xff, 0x6c, 0x03, 0xff, 0x4c, 0x03, 0xfb, 0x8b, 0x03, 0x0b, 0x00, 0x00, 0x00, 0x00, 0x00, 0x00,
  0x00, 0x00, 0x00, 0x00, 0x00, 0x00, 0x00, 0x00, 0x00, 0x00, 0x00, 0x00, 0x00, 0x00, 0x00, 0x00, 0x00, 0x00, 0x00, 0x00, 0x00, 0x00, 0x00, 0x00,
  0x00, 0x00, 0x00, 0x00, 0x00, 0x00, 0x00, 0x00, 0x00, 0x00, 0x00, 0x00, 0xac, 0x03, 0x0d, 0x6c, 0x03, 0xfc, 0x6c, 0x03, 0xff, 0x6c, 0x03, 0xff,
  0x6c, 0x03, 0xff, 0x6c, 0x03, 0xff, 0x6c, 0x03, 0xff, 0x6c, 0x03, 0xff, 0x6c, 0x03, 0xff, 0x6c, 0x03, 0xff, 0x6c, 0x03, 0xff, 0x6c, 0x03, 0xff,
  0x6c, 0x03, 0xff, 0x6c, 0x03, 0xff, 0x6c, 0x03, 0xff, 0x6c, 0x03, 0xff, 0x6c, 0x03, 0xff, 0x6c, 0x03, 0xff, 0x6c, 0x03, 0xff, 0x6c, 0x03, 0xff,
  0x6c, 0x03, 0xff, 0x6c, 0x03, 0xff, 0x6c, 0x03, 0xff, 0x00, 0x00, 0x00, 0x00, 0x00, 0x00, 0x00, 0x00, 0x00, 0x00, 0x00, 0x00, 0x00, 0x00, 0x00,
  0x00, 0x00, 0x00, 0x00, 0x00, 0x00, 0x00, 0x00, 0x00, 0x00, 0x00, 0x00, 0x00, 0x00, 0x00, 0x00, 0x00, 0x00, 0x00, 0x00, 0x00, 0x00, 0x00, 0x00,
  0x00, 0x00, 0x00, 0x00, 0x00, 0x00, 0x00, 0x00, 0x00, 0x00, 0x00, 0x00, 0x00, 0x00, 0x00, 0x00, 0x00, 0x00, 0x00, 0x00, 0x00, 0x00, 0x00, 0x00,
  0x00, 0x00, 0x00, 0x00, 0x00, 0x00, 0x00, 0x00, 0x00, 0x00, 0x00, 0x00, 0x00, 0x00, 0x00, 0x00, 0x00, 0x00, 0x00, 0x00, 0x00, 0x00, 0x00, 0x00,
  0x00, 0x00, 0x00, 0x00, 0x00, 0x00, 0x00, 0x00, 0x00, 0x00, 0x00, 0x00, 0x00, 0x00, 0x00, 0x4c, 0x03, 0x80, 0x6c, 0x03, 0xff, 0x6c, 0x03, 0xff,
  0x6c, 0x03, 0xff, 0x6c, 0x03, 0xff, 0x6c, 0x03, 0xff, 0x6c, 0x03, 0xff, 0x6c, 0x03, 0xff, 0x6c, 0x03, 0xff, 0x6c, 0x03, 0xff, 0x6c, 0x03, 0xff,
  0x6c, 0x03, 0xff, 0x6c, 0x03, 0xff, 0x6c, 0x03, 0xff, 0x6c, 0x03, 0xff, 0x6c, 0x03, 0xff, 0x6c, 0x03, 0xff, 0x6c, 0x03, 0xff, 0x6c, 0x03, 0xff,
  0x6c, 0x03, 0xff, 0x6c, 0x03, 0xff, 0x6c, 0x03, 0xff, 0x6c, 0x03, 0xff, 0x6c, 0x03, 0xff, 0x4c, 0x03, 0x5a, 0x00, 0x00, 0x00, 0x00, 0x00, 0x00,
  0x00, 0x00, 0x00, 0x00, 0x00, 0x00, 0x00, 0x00, 0x00, 0x00, 0x00, 0x00, 0x00, 0x00, 0x00, 0x00, 0x00, 0x00, 0x00, 0x00, 0x00, 0x00, 0x00, 0x00,
  0x00, 0x00, 0x00, 0x00, 0x00, 0x00, 0x00, 0x00, 0x00, 0x00, 0x00, 0x00, 0x4d, 0x03, 0x5d, 0x6c, 0x03, 0xff, 0x6c, 0x03, 0xff, 0x6c, 0x03, 0xff,
  0x6c, 0x03, 0xff, 0x6c, 0x03, 0xff, 0x6c, 0x03, 0xff, 0x6c, 0x03, 0xff, 0x6c, 0x03, 0xff, 0x6c, 0x03, 0xff, 0x6c, 0x03, 0xff, 0x6c, 0x03, 0xff,
  0x6c, 0x03, 0xff, 0x6c, 0x03, 0xff, 0x6c, 0x03, 0xff, 0x6c, 0x03, 0xff, 0x6c, 0x03, 0xff, 0x6c, 0x03, 0xff, 0x6c, 0x03, 0xff, 0x6c, 0x03, 0xff,
  0x6c, 0x03, 0xff, 0x6c, 0x03, 0xff, 0x6c, 0x03, 0xff, 0x00, 0x00, 0x00, 0x00, 0x00, 0x00, 0x00, 0x00, 0x00, 0x00, 0x00, 0x00, 0x00, 0x00, 0x00,
  0x00, 0x00, 0x00, 0x00, 0x00, 0x00, 0x00, 0x00, 0x00, 0x00, 0x00, 0x00, 0x00, 0x00, 0x00, 0x00, 0x00, 0x00, 0x00, 0x00, 0x00, 0x00, 0x00, 0x00,
  0x00, 0x00, 0x00, 0x00, 0x00, 0x00, 0x00, 0x00, 0x00, 0x00, 0x00, 0x00, 0x00, 0x00, 0x00, 0x00, 0x00, 0x00, 0x00, 0x00, 0x00, 0x00, 0x00, 0x00,
  0x00, 0x00, 0x00, 0x00, 0x00, 0x00, 0x00, 0x00, 0x00, 0x00, 0x00, 0x00, 0x00, 0x00, 0x00, 0x00, 0x00, 0x00, 0x00, 0x00, 0x00, 0x00, 0x00, 0x00,
  0x00, 0x00, 0x00, 0x00, 0x00, 0x00, 0x00, 0x00, 0x00, 0x00, 0x00, 0x00, 0x00, 0x00, 0x00, 0x4c, 0x03, 0x80, 0x6c, 0x03, 0xff, 0x6c, 0x03, 0xff,
  0x6c, 0x03, 0xff, 0x6c, 0x03, 0xff, 0x6c, 0x03, 0xff, 0x6c, 0x03, 0xff, 0x6c, 0x03, 0xff, 0x6c, 0x03, 0xff, 0x6c, 0x03, 0xff, 0x6c, 0x03, 0xff,
  0x6c, 0x03, 0xff, 0x6c, 0x03, 0xff, 0x6c, 0x03, 0xff, 0x6c, 0x03, 0xff, 0x6c, 0x03, 0xff, 0x6c, 0x03, 0xff, 0x6c, 0x03, 0xff, 0x6c, 0x03, 0xff,
  0x6c, 0x03, 0xff, 0x6c, 0x03, 0xff, 0x6c, 0x03, 0xff, 0x6c, 0x03, 0xff, 0x6c, 0x03, 0xff, 0x6c, 0x03, 0xcf, 0xaa, 0x02, 0x03, 0x00, 0x00, 0x00,
  0x00, 0x00, 0x00, 0x00, 0x00, 0x00, 0x00, 0x00, 0x00, 0x00, 0x00, 0x00, 0x00, 0x00, 0x00, 0x00, 0x00, 0x00, 0x00, 0x00, 0x00, 0x00, 0x00, 0x00,
  0x00, 0x00, 0x00, 0x00, 0x00, 0x00, 0x00, 0x00, 0x00, 0xef, 0x03, 0x04, 0x6c, 0x03, 0xd1, 0x6c, 0x03, 0xff, 0x6c, 0x03, 0xff, 0x6c, 0x03, 0xff,
  0x6c, 0x03, 0xff, 0x6c, 0x03, 0xff, 0x6c, 0x03, 0xff, 0x6c, 0x03, 0xff, 0x6c, 0x03, 0xff, 0x6c, 0x03, 0xff, 0x6c, 0x03, 0xff, 0x6c, 0x03, 0xff,
  0x6c, 0x03, 0xff, 0x6c, 0x03, 0xff, 0x6c, 0x03, 0xff, 0x6c, 0x03, 0xff, 0x6c, 0x03, 0xff, 0x6c, 0x03, 0xff, 0x6c, 0x03, 0xff, 0x6c, 0x03, 0xff,
  0x6c, 0x03, 0xff, 0x6c, 0x03, 0xff, 0x6c, 0x03, 0xff, 0x00, 0x00, 0x00, 0x00, 0x00, 0x00, 0x00, 0x00, 0x00, 0x00, 0x00, 0x00, 0x00, 0x00, 0x00,
  0x00, 0x00, 0x00, 0x00, 0x00, 0x00, 0x00, 0x00, 0x00, 0x00, 0x00, 0x00, 0x00, 0x00, 0x00, 0x00, 0x00, 0x00, 0x00, 0x00, 0x00, 0x00, 0x00, 0x00,
  0x00, 0x00, 0x00, 0x00, 0x00, 0x00, 0x00, 0x00, 0x00, 0x00, 0x00, 0x00, 0x00, 0x00, 0x00, 0x00, 0x00, 0x00, 0x00, 0x00, 0x00, 0x00, 0x00, 0x00,
  0x00, 0x00, 0x00, 0x00, 0x00, 0x00, 0x00, 0x00, 0x00, 0x00, 0x00, 0x00, 0x00, 0x00, 0x00, 0x00, 0x00, 0x00, 0x00, 0x00, 0x00, 0x00, 0x00, 0x00,
  0x00, 0x00, 0x00, 0x00, 0x00, 0x00, 0x00, 0x00, 0x00, 0x00, 0x00, 0x00, 0x00, 0x00, 0x00, 0x4c, 0x03, 0x80, 0x6c, 0x03, 0xff, 0x6c, 0x03, 0xff,
  0x6c, 0x03, 0xff, 0x6c, 0x03, 0xff, 0x6c, 0x03, 0xff, 0x6c, 0x03, 0xff, 0x6c, 0x03, 0xff, 0x6c, 0x03, 0xff, 0x6c, 0x03, 0xff, 0x6c, 0x03, 0xff,
  0x6c, 0x03, 0xff, 0x6c, 0x03, 0xff, 0x6c, 0x03, 0xff, 0x6c, 0x03, 0xff, 0x6c, 0x03, 0xff, 0x6c, 0x03, 0xff, 0x6c, 0x03, 0xff, 0x6c, 0x03, 0xff,
  0x6c, 0x03, 0xff, 0x6c, 0x03, 0xff, 0x6c, 0x03, 0xff, 0x6c, 0x03, 0xff, 0x6c, 0x03, 0xff, 0x6c, 0x03, 0xff, 0x6c, 0x03, 0x7c, 0x00, 0x00, 0x00,
  0x00, 0x00, 0x00, 0x00, 0x00, 0x00, 0x00, 0x00, 0x00, 0x00, 0x00, 0x00, 0x00, 0x00, 0x00, 0x00, 0x00, 0x00, 0x00, 0x00, 0x00, 0x00, 0x00, 0x00,
  0x00, 0x00, 0x00, 0x00, 0x00, 0x00, 0x00, 0x00, 0x00, 0x4c, 0x03, 0x80, 0x6c, 0x03, 0xff, 0x6c, 0x03, 0xff, 0x6c, 0x03, 0xff, 0x6c, 0x03, 0xff,
  0x6c, 0x03, 0xff, 0x6c, 0x03, 0xff, 0x6c, 0x03, 0xff, 0x6c, 0x03, 0xff, 0x6c, 0x03, 0xff, 0x6c, 0x03, 0xff, 0x6c, 0x03, 0xff, 0x6c, 0x03, 0xff,
  0x6c, 0x03, 0xff, 0x6c, 0x03, 0xff, 0x6c, 0x03, 0xff, 0x6c, 0x03, 0xff, 0x6c, 0x03, 0xff, 0x6c, 0x03, 0xff, 0x6c, 0x03, 0xff, 0x6c, 0x03, 0xff,
  0x6c, 0x03, 0xff, 0x6c, 0x03, 0xff, 0x6c, 0x03, 0xff, 0x00, 0x00, 0x00, 0x00, 0x00, 0x00, 0x00, 0x00, 0x00, 0x00, 0x00, 0x00, 0x00, 0x00, 0x00,
  0x00, 0x00, 0x00, 0x00, 0x00, 0x00, 0x00, 0x00, 0x00, 0x00, 0x00, 0x00, 0x00, 0x00, 0x00, 0x00, 0x00, 0x00, 0x00, 0x00, 0x00, 0x00, 0x00, 0x00,
  0x00, 0x00, 0x00, 0x00, 0x00, 0x00, 0x00, 0x00, 0x00, 0x00, 0x00, 0x00, 0x00, 0x00, 0x00, 0x00, 0x00, 0x00, 0x00, 0x00, 0x00, 0x00, 0x00, 0x00,
  0x00, 0x00, 0x00, 0x00, 0x00, 0x00, 0x00, 0x00, 0x00, 0x00, 0x00, 0x00, 0x00, 0x00, 0x00, 0x00, 0x00, 0x00, 0x00, 0x00, 0x00, 0x00, 0x00, 0x00,
  0x00, 0x00, 0x00, 0x00, 0x00, 0x00, 0x00, 0x00, 0x00, 0x00, 0x00, 0x00, 0x00, 0x00, 0x00, 0x4c, 0x03, 0x80, 0x6c, 0x03, 0xff, 0x6c, 0x03, 0xff,
  0x6c, 0x03, 0xff, 0x6c, 0x03, 0xff, 0x6c, 0x03, 0xff, 0x6c, 0x03, 0xff, 0x6c, 0x03, 0xff, 0x6c, 0x03, 0xff, 0x6c, 0x03, 0xff, 0x6c, 0x03, 0xff,
  0x6c, 0x03, 0xff, 0x6c, 0x03, 0xff, 0x6c, 0x03, 0xff, 0x6c, 0x03, 0xff, 0x6c, 0x03, 0xff, 0x6c, 0x03, 0xff, 0x6c, 0x03, 0xff, 0x6c, 0x03, 0xff,
  0x6c, 0x03, 0xff, 0x6c, 0x03, 0xff, 0x6c, 0x03, 0xff, 0x6c, 0x03, 0xff, 0x6c, 0x03, 0xff, 0x6c, 0x03, 0xff, 0x6c, 0x03, 0xfe, 0x6c, 0x03, 0x6a,
  0x00, 0x00, 0x00, 0x00, 0x00, 0x00, 0x00, 0x00, 0x00, 0x00, 0x00, 0x00, 0x00, 0x00, 0x00, 0x00, 0x00, 0x00, 0x00, 0x00, 0x00, 0x00, 0x00, 0x00,
  0x00, 0x00, 0x00, 0x00, 0x00, 0x00, 0x6c, 0x03, 0x6c, 0x6c, 0x03, 0xfe, 0x6c, 0x03, 0xff, 0x6c, 0x03, 0xff, 0x6c, 0x03, 0xff, 0x6c, 0x03, 0xff,
  0x6c, 0x03, 0xff, 0x6c, 0x03, 0xff, 0x6c, 0x03, 0xff, 0x6c, 0x03, 0xff, 0x6c, 0x03, 0xff, 0x6c, 0x03, 0xff, 0x6c, 0x03, 0xff, 0x6c, 0x03, 0xff,
  0x6c, 0x03, 0xff, 0x6c, 0x03, 0xff, 0x6c, 0x03, 0xff, 0x6c, 0x03, 0xff, 0x6c, 0x03, 0xff, 0x6c, 0x03, 0xff, 0x6c, 0x03, 0xff, 0x6c, 0x03, 0xff,
  0x6c, 0x03, 0xff, 0x6c, 0x03, 0xff, 0x6c, 0x03, 0xff, 0x00, 0x00, 0x00, 0x00, 0x00, 0x00, 0x00, 0x00, 0x00, 0x00, 0x00, 0x00, 0x00, 0x00, 0x00,
  0x00, 0x00, 0x00, 0x00, 0x00, 0x00, 0x00, 0x00, 0x00, 0x00, 0x00, 0x00, 0x00, 0x00, 0x00, 0x00, 0x00, 0x00, 0x00, 0x00, 0x00, 0x00, 0x00, 0x00,
  0x00, 0x00, 0x00, 0x00, 0x00, 0x00, 0x00, 0x00, 0x00, 0x00, 0x00, 0x00, 0x00, 0x00, 0x00, 0x00, 0x00, 0x00, 0x00, 0x00, 0x00, 0x00, 0x00, 0x00,
  0x00, 0x00, 0x00, 0x00, 0x00, 0x00, 0x00, 0x00, 0x00, 0x00, 0x00, 0x00, 0x00, 0x00, 0x00, 0x00, 0x00, 0x00, 0x00, 0x00, 0x00, 0x00, 0x00, 0x00,
  0x00, 0x00, 0x00, 0x00, 0x00, 0x00, 0x00, 0x00, 0x00, 0x00, 0x00, 0x00, 0x00, 0x00, 0x00, 0x4c, 0x03, 0x80, 0x6c, 0x03, 0xff, 0x6c, 0x03, 0xff,
  0x6c, 0x03, 0xff, 0x6c, 0x03, 0xff, 0x6c, 0x03, 0xff, 0x6c, 0x03, 0xff, 0x6c, 0x03, 0xff, 0x6c, 0x03, 0xff, 0x6c, 0x03, 0xff, 0x6c, 0x03, 0xff,
  0x6c, 0x03, 0xff, 0x6c, 0x03, 0xff, 0x6c, 0x03, 0xff, 0x6c, 0x03, 0xff, 0x6c, 0x03, 0xff, 0x6c, 0x03, 0xff, 0x6c, 0x03, 0xff, 0x6c, 0x03, 0xff,
  0x6c, 0x03, 0xff, 0x6c, 0x03, 0xff, 0x6c, 0x03, 0xff, 0x6c, 0x03, 0xff, 0x6c, 0x03, 0xff, 0x6c, 0x03, 0xff, 0x6c, 0x03, 0xff, 0x6c, 0x03, 0xff,
  0x4c, 0x03, 0xa4, 0x6c, 0x03, 0x1c, 0x00, 0x00, 0x00, 0x00, 0x00, 0x00, 0x00, 0x00, 0x00, 0x00, 0x00, 0x00, 0x00, 0x00, 0x00, 0x00, 0x00, 0x00,
  0x6c, 0x03, 0x1c, 0x4c, 0x03, 0xa6, 0x6c, 0x03, 0xff, 0x6c, 0x03, 0xff, 0x6c, 0x03, 0xff, 0x6c, 0x03, 0xff, 0x6c, 0x03, 0xff, 0x6c, 0x03, 0xff,
  0x6c, 0x03, 0xff, 0x6c, 0x03, 0xff, 0x6c, 0x03, 0xff, 0x6c, 0x03, 0xff, 0x6c, 0x03, 0xff, 0x6c, 0x03, 0xff, 0x6c, 0x03, 0xff, 0x6c, 0x03, 0xff,
  0x6c, 0x03, 0xff, 0x6c, 0x03, 0xff, 0x6c, 0x03, 0xff, 0x6c, 0x03, 0xff, 0x6c, 0x03, 0xff, 0x6c, 0x03, 0xff, 0x6c, 0x03, 0xff, 0x6c, 0x03, 0xff,
  0x6c, 0x03, 0xff, 0x6c, 0x03, 0xff, 0x6c, 0x03, 0xff, 0x00, 0x00, 0x00, 0x00, 0x00, 0x00, 0x00, 0x00, 0x00, 0x00, 0x00, 0x00, 0x00, 0x00, 0x00,
  0x00, 0x00, 0x00, 0x00, 0x00, 0x00, 0x00, 0x00, 0x00, 0x00, 0x00, 0x00, 0x00, 0x00, 0x00, 0x00, 0x00, 0x00, 0x00, 0x00, 0x00, 0x00, 0x00, 0x00,
  0x00, 0x00, 0x00, 0x00, 0x00, 0x00, 0x00, 0x00, 0x00, 0x00, 0x00, 0x00, 0x00, 0x00, 0x00, 0x00, 0x00, 0x00, 0x00, 0x00, 0x00, 0x00, 0x00, 0x00,
  0x00, 0x00, 0x00, 0x00, 0x00, 0x00, 0x00, 0x00, 0x00, 0x00, 0x00, 0x00, 0x00, 0x00, 0x00, 0x00, 0x00, 0x00, 0x00, 0x00, 0x00, 0x00, 0x00, 0x00,
  0x00, 0x00, 0x00, 0x00, 0x00, 0x00, 0x00, 0x00, 0x00, 0x00, 0x00, 0x00, 0x00, 0x00, 0x00, 0x4c, 0x03, 0x80, 0x6c, 0x03, 0xff, 0x6c, 0x03, 0xff,
  0x6c, 0x03, 0xff, 0x6c, 0x03, 0xff, 0x6c, 0x03, 0xff, 0x6c, 0x03, 0xff, 0x6c, 0x03, 0xff, 0x6c, 0x03, 0xff, 0x6c, 0x03, 0xff, 0x6c, 0x03, 0xff,
  0x6c, 0x03, 0xff, 0x6c, 0x03, 0xff, 0x6c, 0x03, 0xff, 0x6c, 0x03, 0xff, 0x6c, 0x03, 0xff, 0x6c, 0x03, 0xff, 0x6c, 0x03, 0xff, 0x6c, 0x03, 0xff,
  0x6c, 0x03, 0xff, 0x6c, 0x03, 0xff, 0x6c, 0x03, 0xff, 0x6c, 0x03, 0xff, 0x6c, 0x03, 0xff, 0x6c, 0x03, 0xff, 0x6c, 0x03, 0xff, 0x6c, 0x03, 0xff,
  0x6c, 0x03, 0xff, 0x4c, 0x03, 0x80, 0x00, 0x00, 0x00, 0x00, 0x00, 0x00, 0x00, 0x00, 0x00, 0x00, 0x00, 0x00, 0x00, 0x00, 0x00, 0x00, 0x00, 0x00,
  0x4c, 0x03, 0x80, 0x6c, 0x03, 0xff, 0x6c, 0x03, 0xff, 0x6c, 0x03, 0xff, 0x6c, 0x03, 0xff, 0x6c, 0x03, 0xff, 0x6c, 0x03, 0xff, 0x6c, 0x03, 0xff,
  0x6c, 0x03, 0xff, 0x6c, 0x03, 0xff, 0x6c, 0x03, 0xff, 0x6c, 0x03, 0xff, 0x6c, 0x03, 0xff, 0x6c, 0x03, 0xff, 0x6c, 0x03, 0xff, 0x6c, 0x03, 0xff,
  0x6c, 0x03, 0xff, 0x6c, 0x03, 0xff, 0x6c, 0x03, 0xff, 0x6c, 0x03, 0xff, 0x6c, 0x03, 0xff, 0x6c, 0x03, 0xff, 0x6c, 0x03, 0xff, 0x6c, 0x03, 0xff,
  0x6c, 0x03, 0xff, 0x6c, 0x03, 0xff, 0x6c, 0x03, 0xff, 0x00, 0x00, 0x00, 0x00, 0x00, 0x00, 0x00, 0x00, 0x00, 0x00, 0x00, 0x00, 0x00, 0x00, 0x00,
  0x00, 0x00, 0x00, 0x00, 0x00, 0x00, 0x00, 0x00, 0x00, 0x00, 0x00, 0x00, 0x00, 0x00, 0x00, 0x00, 0x00, 0x00, 0x00, 0x00, 0x00, 0x00, 0x00, 0x00,
  0x00, 0x00, 0x00, 0x00, 0x00, 0x00, 0x00, 0x00, 0x00, 0x00, 0x00, 0x00, 0x00, 0x00, 0x00, 0x00, 0x00, 0x00, 0x00, 0x00, 0x00, 0x00, 0x00, 0x00,
  0x00, 0x00, 0x00, 0x00, 0x00, 0x00, 0x00, 0x00, 0x00, 0x00, 0x00, 0x00, 0x00, 0x00, 0x00, 0x00, 0x00, 0x00, 0x00, 0x00, 0x00, 0x00, 0x00, 0x00,
  0x00, 0x00, 0x00, 0x00, 0x00, 0x00, 0x00, 0x00, 0x00, 0x00, 0x00, 0x00, 0x00, 0x00, 0x00, 0x4c, 0x03, 0x80, 0x6c, 0x03, 0xff, 0x6c, 0x03, 0xff,
  0x6c, 0x03, 0xff, 0x6c, 0x03, 0xff, 0x6c, 0x03, 0xff, 0x6c, 0x03, 0xff, 0x6c, 0x03, 0xff, 0x6c, 0x03, 0xff, 0x6c, 0x03, 0xff, 0x6c, 0x03, 0xff,
  0x6c, 0x03, 0xff, 0x6c, 0x03, 0xff, 0x6c, 0x03, 0xff, 0x6c, 0x03, 0xff, 0x6c, 0x03, 0xff, 0x6c, 0x03, 0xff, 0x6c, 0x03, 0xff, 0x6c, 0x03, 0xff,
  0x6c, 0x03, 0xff, 0x6c, 0x03, 0xff, 0x6c, 0x03, 0xff, 0x6c, 0x03, 0xff, 0x6c, 0x03, 0xff, 0x6c, 0x03, 0xff, 0x6c, 0x03, 0xff, 0x6c, 0x03, 0xff,
  0x6c, 0x03, 0xff, 0x4c, 0x03, 0x40, 0x00, 0x00, 0x00, 0x00, 0x00, 0x00, 0x00, 0x00, 0x00, 0x00, 0x00, 0x00, 0x00, 0x00, 0x00, 0x00, 0x00, 0x00,
  0x4c, 0x03, 0x40, 0x6c, 0x03, 0xff, 0x6c, 0x03, 0xff, 0x6c, 0x03, 0xff, 0x6c, 0x03, 0xff, 0x6c, 0x03, 0xff, 0x6c, 0x03, 0xff, 0x6c, 0x03, 0xff,
  0x6c, 0x03, 0xff, 0x6c, 0x03, 0xff, 0x6c, 0x03, 0xff, 0x6c, 0x03, 0xff, 0x6c, 0x03, 0xff, 0x6c, 0x03, 0xff, 0x6c, 0x03, 0xff, 0x6c, 0x03, 0xff,
  0x6c, 0x03, 0xff, 0x6c, 0x03, 0xff, 0x6c, 0x03, 0xff, 0x6c, 0x03, 0xff, 0x6c, 0x03, 0xff, 0x6c, 0x03, 0xff, 0x6c, 0x03, 0xff, 0x6c, 0x03, 0xff,
  0x6c, 0x03, 0xff, 0x6c, 0x03, 0xff, 0x6c, 0x03, 0xff, 0x00, 0x00, 0x00, 0x00, 0x00, 0x00, 0x00, 0x00, 0x00, 0x00, 0x00, 0x00, 0x00, 0x00, 0x00,
  0x00, 0x00, 0x00, 0x00, 0x00, 0x00, 0x00, 0x00, 0x00, 0x00, 0x00, 0x00, 0x00, 0x00, 0x00, 0x00, 0x00, 0x00, 0x00, 0x00, 0x00, 0x00, 0x00, 0x00,
  0x00, 0x00, 0x00, 0x00, 0x00, 0x00, 0x00, 0x00, 0x00, 0x00, 0x00, 0x00, 0x00, 0x00, 0x00, 0x00, 0x00, 0x00, 0x00, 0x00, 0x00, 0x00, 0x00, 0x00,
  0x00, 0x00, 0x00, 0x00, 0x00, 0x00, 0x00, 0x00, 0x00, 0x00, 0x00, 0x00, 0x00, 0x00, 0x00, 0x00, 0x00, 0x00, 0x00, 0x00, 0x00, 0x00, 0x00, 0x00,
  0x00, 0x00, 0x00, 0x00, 0x00, 0x00, 0x00, 0x00, 0x00, 0x00, 0x00, 0x00, 0x00, 0x00, 0x00, 0x4c, 0x03, 0x80, 0x6c, 0x03, 0xff, 0x6c, 0x03, 0xff,
  0x6c, 0x03, 0xff, 0x6c, 0x03, 0xff, 0x6c, 0x03, 0xff, 0x6c, 0x03, 0xff, 0x6c, 0x03, 0xff, 0x6c, 0x03, 0xff, 0x6c, 0x03, 0xff, 0x6c, 0x03, 0xff,
  0x6c, 0x03, 0xff, 0x6c, 0x03, 0xff, 0x6c, 0x03, 0xff, 0x6c, 0x03, 0xff, 0x6c, 0x03, 0xff, 0x6c, 0x03, 0xff, 0x6c, 0x03, 0xff, 0x6c, 0x03, 0xff,
  0x6c, 0x03, 0xff, 0x6c, 0x03, 0xff, 0x6c, 0x03, 0xff, 0x6c, 0x03, 0xff, 0x6c, 0x03, 0xff, 0x6c, 0x03, 0xff, 0x6c, 0x03, 0xff, 0x6c, 0x03, 0xff,
  0x4c, 0x03, 0xf8, 0x8e, 0x03, 0x09, 0x00, 0x00, 0x00, 0x00, 0x00, 0x00, 0x00, 0x00, 0x00, 0x00, 0x00, 0x00, 0x00, 0x00, 0x00, 0x00, 0x00, 0x00,
  0x6d, 0x03, 0x07, 0x6c, 0x03, 0xf7, 0x6c, 0x03, 0xff, 0x6c, 0x03, 0xff, 0x6c, 0x03, 0xff, 0x6c, 0x03, 0xff, 0x6c, 0x03, 0xff, 0x6c, 0x03, 0xff,
  0x6c, 0x03, 0xff, 0x6c, 0x03, 0xff, 0x6c, 0x03, 0xff, 0x6c, 0x03, 0xff, 0x6c, 0x03, 0xff, 0x6c, 0x03, 0xff, 0x6c, 0x03, 0xff, 0x6c, 0x03, 0xff,
  0x6c, 0x03, 0xff, 0x6c, 0x03, 0xff, 0x6c, 0x03, 0xff, 0x6c, 0x03, 0xff, 0x6c, 0x03, 0xff, 0x6c, 0x03, 0xff, 0x6c, 0x03, 0xff, 0x6c, 0x03, 0xff,
  0x6c, 0x03, 0xff, 0x6c, 0x03, 0xff, 0x6c, 0x03, 0xff, 0x00, 0x00, 0x00, 0x00, 0x00, 0x00, 0x00, 0x00, 0x00, 0x00, 0x00, 0x00, 0x00, 0x00, 0x00,
  0x00, 0x00, 0x00, 0x00, 0x00, 0x00, 0x00, 0x00, 0x00, 0x00, 0x00, 0x00, 0x00, 0x00, 0x00, 0x00, 0x00, 0x00, 0x00, 0x00, 0x00, 0x00, 0x00, 0x00,
  0x00, 0x00, 0x00, 0x00, 0x00, 0x00, 0x00, 0x00, 0x00, 0x00, 0x00, 0x00, 0x00, 0x00, 0x00, 0x00, 0x00, 0x00, 0x00, 0x00, 0x00, 0x00, 0x00, 0x00,
  0x00, 0x00, 0x00, 0x00, 0x00, 0x00, 0x00, 0x00, 0x00, 0x00, 0x00, 0x00, 0x00, 0x00, 0x00, 0x00, 0x00, 0x00, 0x00, 0x00, 0x00, 0x00, 0x00, 0x00,
  0x00, 0x00, 0x00, 0x00, 0x00, 0x00, 0x00, 0x00, 0x00, 0x00, 0x00, 0x00, 0x00, 0x00, 0x00, 0x4c, 0x03, 0x80, 0x6c, 0x03, 0xff, 0x6c, 0x03, 0xff,
  0x6c, 0x03, 0xff, 0x6c, 0x03, 0xff, 0x6c, 0x03, 0xff, 0x6c, 0x03, 0xff, 0x6c, 0x03, 0xff, 0x6c, 0x03, 0xff, 0x6c, 0x03, 0xff, 0x6c, 0x03, 0xff,
  0x6c, 0x03, 0xff, 0x6c, 0x03, 0xff, 0x6c, 0x03, 0xff, 0x6c, 0x03, 0xff, 0x6c, 0x03, 0xff, 0x6c, 0x03, 0xff, 0x6c, 0x03, 0xff, 0x6c, 0x03, 0xff,
  0x6c, 0x03, 0xff, 0x6c, 0x03, 0xff, 0x6c, 0x03, 0xff, 0x6c, 0x03, 0xff, 0x6c, 0x03, 0xff, 0x6c, 0x03, 0xff, 0x6c, 0x03, 0xff, 0x6c, 0x03, 0xff,
  0x6c, 0x03, 0xbf, 0x00, 0x00, 0x00, 0x00, 0x00, 0x00, 0x00, 0x00, 0x00, 0x00, 0x00, 0x00, 0x00, 0x00, 0x00, 0x00, 0x00, 0x00, 0x00, 0x00, 0x00,
  0x00, 0x00, 0x00, 0x6c, 0x03, 0xbf, 0x6c, 0x03, 0xff, 0x6c, 0x03, 0xff, 0x6c, 0x03, 0xff, 0x6c, 0x03, 0xff, 0x6c, 0x03, 0xff, 0x6c, 0x03, 0xff,
  0x6c, 0x03, 0xff, 0x6c, 0x03, 0xff, 0x6c, 0x03, 0xff, 0x6c, 0x03, 0xff, 0x6c, 0x03, 0xff, 0x6c, 0x03, 0xff, 0x6c, 0x03, 0xff, 0x6c, 0x03, 0xff,
  0x6c, 0x03, 0xff, 0x6c, 0x03, 0xff, 0x6c, 0x03, 0xff, 0x6c, 0x03, 0xff, 0x6c, 0x03, 0xff, 0x6c, 0x03, 0xff, 0x6c, 0x03, 0xff, 0x6c, 0x03, 0xff,
  0x6c, 0x03, 0xff, 0x6c, 0x03, 0xff, 0x6c, 0x03, 0xff, 0x00, 0x00, 0x00, 0x00, 0x00, 0x00, 0x00, 0x00, 0x00, 0x00, 0x00, 0x00, 0x00, 0x00, 0x00,
  0x00, 0x00, 0x00, 0x00, 0x00, 0x00, 0x00, 0x00, 0x00, 0x00, 0x00, 0x00, 0x00, 0x00, 0x00, 0x00, 0x00, 0x00, 0x00, 0x00, 0x00, 0x00, 0x00, 0x00,
  0x00, 0x00, 0x00, 0x00, 0x00, 0x00, 0x00, 0x00, 0x00, 0x00, 0x00, 0x00, 0x00, 0x00, 0x00, 0x00, 0x00, 0x00, 0x00, 0x00, 0x00, 0x00, 0x00, 0x00,
  0x00, 0x00, 0x00, 0x00, 0x00, 0x00, 0x00, 0x00, 0x00, 0x00, 0x00, 0x00, 0x00, 0x00, 0x00, 0x00, 0x00, 0x00, 0x00, 0x00, 0x00, 0x00, 0x00, 0x00,
  0x00, 0x00, 0x00, 0x00, 0x00, 0x00, 0x00, 0x00, 0x00, 0x00, 0x00, 0x00, 0x00, 0x00, 0x00, 0x4c, 0x03, 0x80, 0x6c, 0x03, 0xff, 0x6c, 0x03, 0xff,
  0x6c, 0x03, 0xff, 0x6c, 0x03, 0xff, 0x6c, 0x03, 0xff, 0x6c, 0x03, 0xff, 0x6c, 0x03, 0xff, 0x6c, 0x03, 0xff, 0x6c, 0x03, 0xff, 0x6c, 0x03, 0xff,
  0x6c, 0x03, 0xff, 0x6c, 0x03, 0xff, 0x6c, 0x03, 0xff, 0x6c, 0x03, 0xff, 0x6c, 0x03, 0xff, 0x6c, 0x03, 0xff, 0x6c, 0x03, 0xff, 0x6c, 0x03, 0xff,
  0x6c, 0x03, 0xff, 0x6c, 0x03, 0xff, 0x6c, 0x03, 0xff, 0x6c, 0x03, 0xff, 0x6c, 0x03, 0xff, 0x6c, 0x03, 0xff, 0x6c, 0x03, 0xff, 0x6c, 0x03, 0xff,
  0x4c, 0x03, 0x80, 0x00, 0x00, 0x00, 0x00, 0x00, 0x00, 0x00, 0x00, 0x00, 0x00, 0x00, 0x00, 0x00, 0x00, 0x00, 0x00, 0x00, 0x00, 0x00, 0x00, 0x00,
  0x00, 0x00, 0x00, 0x4c, 0x03, 0x80, 0x6c, 0x03, 0xff, 0x6c, 0x03, 0xff, 0x6c, 0x03, 0xff, 0x6c, 0x03, 0xff, 0x6c, 0x03, 0xff, 0x6c, 0x03, 0xff,
  0x6c, 0x03, 0xff, 0x6c, 0x03, 0xff, 0x6c, 0x03, 0xff, 0x6c, 0x03, 0xff, 0x6c, 0x03, 0xff, 0x6c, 0x03, 0xff, 0x6c, 0x03, 0xff, 0x6c, 0x03, 0xff,
  0x6c, 0x03, 0xff, 0x6c, 0x03, 0xff, 0x6c, 0x03, 0xff, 0x6c, 0x03, 0xff, 0x6c, 0x03, 0xff, 0x6c, 0x03, 0xff, 0x6c, 0x03, 0xff, 0x6c, 0x03, 0xff,
  0x6c, 0x03, 0xff, 0x6c, 0x03, 0xff, 0x6c, 0x03, 0xff, 0x00, 0x00, 0x00, 0x00, 0x00, 0x00, 0x00, 0x00, 0x00, 0x00, 0x00, 0x00, 0x00, 0x00, 0x00,
  0x00, 0x00, 0x00, 0x00, 0x00, 0x00, 0x00, 0x00, 0x00, 0x00, 0x00, 0x00, 0x00, 0x00, 0x00, 0x00, 0x00, 0x00, 0x00, 0x00, 0x00, 0x00, 0x00, 0x00,
  0x00, 0x00, 0x00, 0x00, 0x00, 0x00, 0x00, 0x00, 0x00, 0x00, 0x00, 0x00, 0x00, 0x00, 0x00, 0x00, 0x00, 0x00, 0x00, 0x00, 0x00, 0x00, 0x00, 0x00,
  0x00, 0x00, 0x00, 0x00, 0x00, 0x00, 0x00, 0x00, 0x00, 0x00, 0x00, 0x00, 0x00, 0x00, 0x00, 0x00, 0x00, 0x00, 0x00, 0x00, 0x00, 0x00, 0x00, 0x00,
  0x00, 0x00, 0x00, 0x00, 0x00, 0x00, 0x00, 0x00, 0x00, 0x00, 0x00, 0x00, 0x00, 0x00, 0x00, 0x4c, 0x03, 0x80, 0x6c, 0x03, 0xff, 0x6c, 0x03, 0xff,
  0x6c, 0x03, 0xff, 0x6c, 0x03, 0xff, 0x6c, 0x03, 0xff, 0x6c, 0x03, 0xff, 0x6c, 0x03, 0xff, 0x6c, 0x03, 0xff, 0x6c, 0x03, 0xff, 0x6c, 0x03, 0xff,
  0x6c, 0x03, 0xff, 0x6c, 0x03, 0xff, 0x6c, 0x03, 0xff, 0x6c, 0x03, 0xff, 0x6c, 0x03, 0xff, 0x6c, 0x03, 0xff, 0x6c, 0x03, 0xff, 0x6c, 0x03, 0xff,
  0x6c, 0x03, 0xff, 0x6c, 0x03, 0xff, 0x6c, 0x03, 0xff, 0x6c, 0x03, 0xff, 0x6c, 0x03, 0xff, 0x6c, 0x03, 0xff, 0x6c, 0x03, 0xff, 0x6c, 0x03, 0xff,
  0x4c, 0x03, 0x40, 0x00, 0x00, 0x00, 0x00, 0x00, 0x00, 0x00, 0x00, 0x00, 0x00, 0x00, 0x00, 0x00, 0x00, 0x00, 0x00, 0x00, 0x00, 0x00, 0x00, 0x00,
  0x00, 0x00, 0x00, 0x4c, 0x03, 0x40, 0x6c, 0x03, 0xff, 0x6c, 0x03, 0xff, 0x6c, 0x03, 0xff, 0x6c, 0x03, 0xff, 0x6c, 0x03, 0xff, 0x6c, 0x03, 0xff,
  0x6c, 0x03, 0xff, 0x6c, 0x03, 0xff, 0x6c, 0x03, 0xff, 0x6c, 0x03, 0xff, 0x6c, 0x03, 0xff, 0x6c, 0x03, 0xff, 0x6c, 0x03, 0xff, 0x6c, 0x03, 0xff,
  0x6c, 0x03, 0xff, 0x6c, 0x03, 0xff, 0x6c, 0x03, 0xff, 0x6c, 0x03, 0xff, 0x6c, 0x03, 0xff, 0x6c, 0x03, 0xff, 0x6c, 0x03, 0xff, 0x6c, 0x03, 0xff,
  0x6c, 0x03, 0xff, 0x6c, 0x03, 0xff, 0x6c, 0x03, 0xff, 0x00, 0x00, 0x00, 0x00, 0x00, 0x00, 0x00, 0x00, 0x00, 0x00, 0x00, 0x00, 0x00, 0x00, 0x00,
  0x00, 0x00, 0x00, 0x00, 0x00, 0x00, 0x00, 0x00, 0x00, 0x00, 0x00, 0x00, 0x00, 0x00, 0x00, 0x00, 0x00, 0x00, 0x00, 0x00, 0x00, 0x00, 0x00, 0x00,
  0x00, 0x00, 0x00, 0x00, 0x00, 0x00, 0x00, 0x00, 0x00, 0x00, 0x00, 0x00, 0x00, 0x00, 0x00, 0x00, 0x00, 0x00, 0x00, 0x00, 0x00, 0x00, 0x00, 0x00,
  0x00, 0x00, 0x00, 0x00, 0x00, 0x00, 0x00, 0x00, 0x00, 0x00, 0x00, 0x00, 0x00, 0x00, 0x00, 0x00, 0x00, 0x00, 0x00, 0x00, 0x00, 0x00, 0x00, 0x00,
  0x00, 0x00, 0x00, 0x00, 0x00, 0x00, 0x00, 0x00, 0x00, 0x00, 0x00, 0x00, 0x00, 0x00, 0x00, 0x4c, 0x03, 0x80, 0x6c, 0x03, 0xff, 0x6c, 0x03, 0xff,
  0x6c, 0x03, 0xff, 0x6c, 0x03, 0xff, 0x6c, 0x03, 0xff, 0x6c, 0x03, 0xff, 0x6c, 0x03, 0xff, 0x6c, 0x03, 0xff, 0x6c, 0x03, 0xff, 0x6c, 0x03, 0xff,
  0x6c, 0x03, 0xff, 0x6c, 0x03, 0xff, 0x6c, 0x03, 0xff, 0x6c, 0x03, 0xff, 0x6c, 0x03, 0xff, 0x6c, 0x03, 0xff, 0x6c, 0x03, 0xff, 0x6c, 0x03, 0xff,
  0x6c, 0x03, 0xff, 0x6c, 0x03, 0xff, 0x6c, 0x03, 0xff, 0x6c, 0x03, 0xff, 0x6c, 0x03, 0xff, 0x6c, 0x03, 0xff, 0x6c, 0x03, 0xff, 0x4c, 0x03, 0xf8,
  0x8e, 0x03, 0x09, 0x00, 0x00, 0x00, 0x00, 0x00, 0x00, 0x00, 0x00, 0x00, 0x00, 0x00, 0x00, 0x00, 0x00, 0x00, 0x00, 0x00, 0x00, 0x00, 0x00, 0x00,
  0x00, 0x00, 0x00, 0x6d, 0x03, 0x07, 0x6c, 0x03, 0xf7, 0x6c, 0x03, 0xff, 0x6c, 0x03, 0xff, 0x6c, 0x03, 0xff, 0x6c, 0x03, 0xff, 0x6c, 0x03, 0xff,
  0x6c, 0x03, 0xff, 0x6c, 0x03, 0xff, 0x6c, 0x03, 0xff, 0x6c, 0x03, 0xff, 0x6c, 0x03, 0xff, 0x6c, 0x03, 0xff, 0x6c, 0x03, 0xff, 0x6c, 0x03, 0xff,
  0x6c, 0x03, 0xff, 0x6c, 0x03, 0xff, 0x6c, 0x03, 0xff, 0x6c, 0x03, 0xff, 0x6c, 0x03, 0xff, 0x6c, 0x03, 0xff, 0x6c, 0x03, 0xff, 0x6c, 0x03, 0xff,
  0x6c, 0x03, 0xff, 0x6c, 0x03, 0xff, 0x6c, 0x03, 0xff, 0x00, 0x00, 0x00, 0x00, 0x00, 0x00, 0x00, 0x00, 0x00, 0x00, 0x00, 0x00, 0x00, 0x00, 0x00,
  0x00, 0x00, 0x00, 0x00, 0x00, 0x00, 0x00, 0x00, 0x00, 0x00, 0x00, 0x00, 0x00, 0x00, 0x00, 0x00, 0x00, 0x00, 0x00, 0x00, 0x00, 0x00, 0x00, 0x00,
  0x00, 0x00, 0x00, 0x00, 0x00, 0x00, 0x00, 0x00, 0x00, 0x00, 0x00, 0x00, 0x00, 0x00, 0x00, 0x00, 0x00, 0x00, 0x00, 0x00, 0x00, 0x00, 0x00, 0x00,
  0x00, 0x00, 0x00, 0x00, 0x00, 0x00, 0x00, 0x00, 0x00, 0x00, 0x00, 0x00, 0x00, 0x00, 0x00, 0x00, 0x00, 0x00, 0x00, 0x00, 0x00, 0x00, 0x00, 0x00,
  0x00, 0x00, 0x00, 0x00, 0x00, 0x00, 0x00, 0x00, 0x00, 0x00, 0x00, 0x00, 0x00, 0x00, 0x00, 0x4c, 0x03, 0x80, 0x6c, 0x03, 0xff, 0x6c, 0x03, 0xff,
  0x6c, 0x03, 0xff, 0x6c, 0x03, 0xff, 0x6c, 0x03, 0xff, 0x6c, 0x03, 0xff, 0x6c, 0x03, 0xff, 0x6c, 0x03, 0xff, 0x6c, 0x03, 0xff, 0x6c, 0x03, 0xff,
  0x6c, 0x03, 0xff, 0x6c, 0x03, 0xff, 0x6c, 0x03, 0xff, 0x6c, 0x03, 0xff, 0x6c, 0x03, 0xff, 0x6c, 0x03, 0xff, 0x6c, 0x03, 0xff, 0x6c, 0x03, 0xff,
  0x6c, 0x03, 0xff, 0x6c, 0x03, 0xff, 0x6c, 0x03, 0xff, 0x6c, 0x03, 0xff, 0x6c, 0x03, 0xff, 0x6c, 0x03, 0xff, 0x6c, 0x03, 0xff, 0x6c, 0x03, 0xbf,
  0x00, 0x00, 0x00, 0x00, 0x00, 0x00, 0x00, 0x00, 0x00, 0x00, 0x00, 0x00, 0x00, 0x00, 0x00, 0x00, 0x00, 0x00, 0x00, 0x00, 0x00, 0x00, 0x00, 0x00,
  0x00, 0x00, 0x00, 0x00, 0x00, 0x00, 0x6c, 0x03, 0xbf, 0x6c, 0x03, 0xff, 0x6c, 0x03, 0xff, 0x6c, 0x03, 0xff, 0x6c, 0x03, 0xff, 0x6c, 0x03, 0xff,
  0x6c, 0x03, 0xff, 0x6c, 0x03, 0xff, 0x6c, 0x03, 0xff, 0x6c, 0x03, 0xff, 0x6c, 0x03, 0xff, 0x6c, 0x03, 0xff, 0x6c, 0x03, 0xff, 0x6c, 0x03, 0xff,
  0x6c, 0x03, 0xff, 0x6c, 0x03, 0xff, 0x6c, 0x03, 0xff, 0x6c, 0x03, 0xff, 0x6c, 0x03, 0xff, 0x6c, 0x03, 0xff, 0x6c, 0x03, 0xff, 0x6c, 0x03, 0xff,
  0x6c, 0x03, 0xff, 0x6c, 0x03, 0xff, 0x6c, 0x03, 0xff, 0x00, 0x00, 0x00, 0x00, 0x00, 0x00, 0x00, 0x00, 0x00, 0x00, 0x00, 0x00, 0x00, 0x00, 0x00,
  0x00, 0x00, 0x00, 0x00, 0x00, 0x00, 0x00, 0x00, 0x00, 0x00, 0x00, 0x00, 0x00, 0x00, 0x00, 0x00, 0x00, 0x00, 0x00, 0x00, 0x00, 0x00, 0x00, 0x00,
  0x00, 0x00, 0x00, 0x00, 0x00, 0x00, 0x00, 0x00, 0x00, 0x00, 0x00, 0x00, 0x00, 0x00, 0x00, 0x00, 0x00, 0x00, 0x00, 0x00, 0x00, 0x00, 0x00, 0x00,
  0x00, 0x00, 0x00, 0x00, 0x00, 0x00, 0x00, 0x00, 0x00, 0x00, 0x00, 0x00, 0x00, 0x00, 0x00, 0x00, 0x00, 0x00, 0x00, 0x00, 0x00, 0x00, 0x00, 0x00,
  0x00, 0x00, 0x00, 0x00, 0x00, 0x00, 0x00, 0x00, 0x00, 0x00, 0x00, 0x00, 0x00, 0x00, 0x00, 0x4c, 0x03, 0x80, 0x6c, 0x03, 0xff, 0x6c, 0x03, 0xff,
  0x6c, 0x03, 0xff, 0x6c, 0x03, 0xff, 0x6c, 0x03, 0xff, 0x6c, 0x03, 0xff, 0x6c, 0x03, 0xff, 0x6c, 0x03, 0xff, 0x6c, 0x03, 0xff, 0x6c, 0x03, 0xff,
  0x6c, 0x03, 0xff, 0x6c, 0x03, 0xff, 0x6c, 0x03, 0xff, 0x6c, 0x03, 0xff, 0x6c, 0x03, 0xff, 0x6c, 0x03, 0xff, 0x6c, 0x03, 0xff, 0x6c, 0x03, 0xff,
  0x6c, 0x03, 0xff, 0x6c, 0x03, 0xff, 0x6c, 0x03, 0xff, 0x6c, 0x03, 0xff, 0x6c, 0x03, 0xff, 0x6c, 0x03, 0xff, 0x6c, 0x03, 0xff, 0x4c, 0x03, 0x80,
  0x00, 0x00, 0x00, 0x00, 0x00, 0x00, 0x00, 0x00, 0x00, 0x00, 0x00, 0x00, 0x00, 0x00, 0x00, 0x00, 0x00, 0x00, 0x00, 0x00, 0x00, 0x00, 0x00, 0x00,
  0x00, 0x00, 0x00, 0x00, 0x00, 0x00, 0x4c, 0x03, 0x80, 0x6c, 0x03, 0xff, 0x6c, 0x03, 0xff, 0x6c, 0x03, 0xff, 0x6c, 0x03, 0xff, 0x6c, 0x03, 0xff,
  0x6c, 0x03, 0xff, 0x6c, 0x03, 0xff, 0x6c, 0x03, 0xff, 0x6c, 0x03, 0xff, 0x6c, 0x03, 0xff, 0x6c, 0x03, 0xff, 0x6c, 0x03, 0xff, 0x6c, 0x03, 0xff,
  0x6c, 0x03, 0xff, 0x6c, 0x03, 0xff, 0x6c, 0x03, 0xff, 0x6c, 0x03, 0xff, 0x6c, 0x03, 0xff, 0x6c, 0x03, 0xff, 0x6c, 0x03, 0xff, 0x6c, 0x03, 0xff,
  0x6c, 0x03, 0xff, 0x6c, 0x03, 0xff, 0x6c, 0x03, 0xff, 0x00, 0x00, 0x00, 0x00, 0x00, 0x00, 0x00, 0x00, 0x00, 0x00, 0x00, 0x00, 0x00, 0x00, 0x00,
  0x00, 0x00, 0x00, 0x00, 0x00, 0x00, 0x00, 0x00, 0x00, 0x00, 0x00, 0x00, 0x00, 0x00, 0x00, 0x00, 0x00, 0x00, 0x00, 0x00, 0x00, 0x00, 0x00, 0x00,
  0x00, 0x00, 0x00, 0x00, 0x00, 0x00, 0x00, 0x00, 0x00, 0x00, 0x00, 0x00, 0x00, 0x00, 0x00, 0x00, 0x00, 0x00, 0x00, 0x00, 0x00, 0x00, 0x00, 0x00,
  0x00, 0x00, 0x00, 0x00, 0x00, 0x00, 0x00, 0x00, 0x00, 0x00, 0x00, 0x00, 0x00, 0x00, 0x00, 0x00, 0x00, 0x00, 0x00, 0x00, 0x00, 0x00, 0x00, 0x00,
  0x00, 0x00, 0x00, 0x00, 0x00, 0x00, 0x00, 0x00, 0x00, 0x00, 0x00, 0x00, 0x00, 0x00, 0x00, 0x4c, 0x03, 0x80, 0x6c, 0x03, 0xff, 0x6c, 0x03, 0xff,
  0x6c, 0x03, 0xff, 0x6c, 0x03, 0xff, 0x6c, 0x03, 0xff, 0x6c, 0x03, 0xff, 0x6c, 0x03, 0xff, 0x6c, 0x03, 0xff, 0x6c, 0x03, 0xff, 0x6c, 0x03, 0xff,
  0x6c, 0x03, 0xff, 0x6c, 0x03, 0xff, 0x6c, 0x03, 0xff, 0x6c, 0x03, 0xff, 0x6c, 0x03, 0xff, 0x6c, 0x03, 0xff, 0x6c, 0x03, 0xff, 0x6c, 0x03, 0xff,
  0x6c, 0x03, 0xff, 0x6c, 0x03, 0xff, 0x6c, 0x03, 0xff, 0x6c, 0x03, 0xff, 0x6c, 0x03, 0xff, 0x6c, 0x03, 0xff, 0x6c, 0x03, 0xff, 0x4c, 0x03, 0x40,
  0x00, 0x00, 0x00, 0x00, 0x00, 0x00, 0x00, 0x00, 0x00, 0x00, 0x00, 0x00, 0x00, 0x00, 0x00, 0x00, 0x00, 0x00, 0x00, 0x00, 0x00, 0x00, 0x00, 0x00,
  0x00, 0x00, 0x00, 0x00, 0x00, 0x00, 0x4c, 0x03, 0x40, 0x6c, 0x03, 0xff, 0x6c, 0x03, 0xff, 0x6c, 0x03, 0xff, 0x6c, 0x03, 0xff, 0x6c, 0x03, 0xff,
  0x6c, 0x03, 0xff, 0x6c, 0x03, 0xff, 0x6c, 0x03, 0xff, 0x6c, 0x03, 0xff, 0x6c, 0x03, 0xff, 0x6c, 0x03, 0xff, 0x6c, 0x03, 0xff, 0x6c, 0x03, 0xff,
  0x6c, 0x03, 0xff, 0x6c, 0x03, 0xff, 0x6c, 0x03, 0xff, 0x6c, 0x03, 0xff, 0x6c, 0x03, 0xff, 0x6c, 0x03, 0xff, 0x6c, 0x03, 0xff, 0x6c, 0x03, 0xff,
  0x6c, 0x03, 0xff, 0x6c, 0x03, 0xff, 0x6c, 0x03, 0xff, 0x00, 0x00, 0x00, 0x00, 0x00, 0x00, 0x00, 0x00, 0x00, 0x00, 0x00, 0x00, 0x00, 0x00, 0x00,
  0x00, 0x00, 0x00, 0x00, 0x00, 0x00, 0x00, 0x00, 0x00, 0x00, 0x00, 0x00, 0x00, 0x00, 0x00, 0x00, 0x00, 0x00, 0x00, 0x00, 0x00, 0x00, 0x00, 0x00,
  0x00, 0x00, 0x00, 0x00, 0x00, 0x00, 0x00, 0x00, 0x00, 0x00, 0x00, 0x00, 0x00, 0x00, 0x00, 0x00, 0x00, 0x00, 0x00, 0x00, 0x00, 0x00, 0x00, 0x00,
  0x00, 0x00, 0x00, 0x00, 0x00, 0x00, 0x00, 0x00, 0x00, 0x00, 0x00, 0x00, 0x00, 0x00, 0x00, 0x00, 0x00, 0x00, 0x00, 0x00, 0x00, 0x00, 0x00, 0x00,
  0x00, 0x00, 0x00, 0x00, 0x00, 0x00, 0x00, 0x00, 0x00, 0x00, 0x00, 0x00, 0x00, 0x00, 0x00, 0x4c, 0x03, 0x80, 0x6c, 0x03, 0xff, 0x6c, 0x03, 0xff,
  0x6c, 0x03, 0xff, 0x6c, 0x03, 0xff, 0x6c, 0x03, 0xff, 0x6c, 0x03, 0xff, 0x6c, 0x03, 0xff, 0x6c, 0x03, 0xff, 0x6c, 0x03, 0xff, 0x6c, 0x03, 0xff,
  0x6c, 0x03, 0xff, 0x6c, 0x03, 0xff, 0x6c, 0x03, 0xff, 0x6c, 0x03, 0xff, 0x6c, 0x03, 0xff, 0x6c, 0x03, 0xff, 0x6c, 0x03, 0xff, 0x6c, 0x03, 0xff,
  0x6c, 0x03, 0xff, 0x6c, 0x03, 0xff, 0x6c, 0x03, 0xff, 0x6c, 0x03, 0xff, 0x6c, 0x03, 0xff, 0x6c, 0x03, 0xff, 0x4c, 0x03, 0xf8, 0x8e, 0x03, 0x09,
  0x00, 0x00, 0x00, 0x00, 0x00, 0x00, 0x00, 0x00, 0x00, 0x00, 0x00, 0x00, 0x00, 0x00, 0x00, 0x00, 0x00, 0x00, 0x00, 0x00, 0x00, 0x00, 0x00, 0x00,
  0x00, 0x00, 0x00, 0x00, 0x00, 0x00, 0x6d, 0x03, 0x07, 0x6c, 0x03, 0xf7, 0x6c, 0x03, 0xff, 0x6c, 0x03, 0xff, 0x6c, 0x03, 0xff, 0x6c, 0x03, 0xff,
  0x6c, 0x03, 0xff, 0x6c, 0x03, 0xff, 0x6c, 0x03, 0xff, 0x6c, 0x03, 0xff, 0x6c, 0x03, 0xff, 0x6c, 0x03, 0xff, 0x6c, 0x03, 0xff, 0x6c, 0x03, 0xff,
  0x6c, 0x03, 0xff, 0x6c, 0x03, 0xff, 0x6c, 0x03, 0xff, 0x6c, 0x03, 0xff, 0x6c, 0x03, 0xff, 0x6c, 0x03, 0xff, 0x6c, 0x03, 0xff, 0x6c, 0x03, 0xff,
  0x6c, 0x03, 0xff, 0x6c, 0x03, 0xff, 0x6c, 0x03, 0xff, 0x00, 0x00, 0x00, 0x00, 0x00, 0x00, 0x00, 0x00, 0x00, 0x00, 0x00, 0x00, 0x00, 0x00, 0x00,
  0x00, 0x00, 0x00, 0x00, 0x00, 0x00, 0x00, 0x00, 0x00, 0x00, 0x00, 0x00, 0x00, 0x00, 0x00, 0x00, 0x00, 0x00, 0x00, 0x00, 0x00, 0x00, 0x00, 0x00,
  0x00, 0x00, 0x00, 0x00, 0x00, 0x00, 0x00, 0x00, 0x00, 0x00, 0x00, 0x00, 0x00, 0x00, 0x00, 0x00, 0x00, 0x00, 0x00, 0x00, 0x00, 0x00, 0x00, 0x00,
  0x00, 0x00, 0x00, 0x00, 0x00, 0x00, 0x00, 0x00, 0x00, 0x00, 0x00, 0x00, 0x00, 0x00, 0x00, 0x00, 0x00, 0x00, 0x00, 0x00, 0x00, 0x00, 0x00, 0x00,
  0x00, 0x00, 0x00, 0x00, 0x00, 0x00, 0x00, 0x00, 0x00, 0x00, 0x00, 0x00, 0x00, 0x00, 0x00, 0x4c, 0x03, 0x80, 0x6c, 0x03, 0xff, 0x6c, 0x03, 0xff,
  0x6c, 0x03, 0xff, 0x6c, 0x03, 0xff, 0x6c, 0x03, 0xff, 0x6c, 0x03, 0xff, 0x6c, 0x03, 0xff, 0x6c, 0x03, 0xff, 0x6c, 0x03, 0xff, 0x6c, 0x03, 0xff,
  0x6c, 0x03, 0xff, 0x6c, 0x03, 0xff, 0x6c, 0x03, 0xff, 0x6c, 0x03, 0xff, 0x6c, 0x03, 0xff, 0x6c, 0x03, 0xff, 0x6c, 0x03, 0xff, 0x6c, 0x03, 0xff,
  0x6c, 0x03, 0xff, 0x6c, 0x03, 0xff, 0x6c, 0x03, 0xff, 0x6c, 0x03, 0xff, 0x6c, 0x03, 0xff, 0x6c, 0x03, 0xff, 0x6c, 0x03, 0xbf, 0x00, 0x00, 0x00,
  0x00, 0x00, 0x00, 0x00, 0x00, 0x00, 0x00, 0x00, 0x00, 0x00, 0x00, 0x00, 0x00, 0x00, 0x00, 0x00, 0x00, 0x00, 0x00, 0x00, 0x00, 0x00, 0x00, 0x00,
  0x00, 0x00, 0x00, 0x00, 0x00, 0x00, 0x00, 0x00, 0x00, 0x6c, 0x03, 0xbf, 0x6c, 0x03, 0xff, 0x6c, 0x03, 0xff, 0x6c, 0x03, 0xff, 0x6c, 0x03, 0xff,
  0x6c, 0x03, 0xff, 0x6c, 0x03, 0xff, 0x6c, 0x03, 0xff, 0x6c, 0x03, 0xff, 0x6c, 0x03, 0xff, 0x6c, 0x03, 0xff, 0x6c, 0x03, 0xff, 0x6c, 0x03, 0xff,
  0x6c, 0x03, 0xff, 0x6c, 0x03, 0xff, 0x6c, 0x03, 0xff, 0x6c, 0x03, 0xff, 0x6c, 0x03, 0xff, 0x6c, 0x03, 0xff, 0x6c, 0x03, 0xff, 0x6c, 0x03, 0xff,
  0x6c, 0x03, 0xff, 0x6c, 0x03, 0xff, 0x6c, 0x03, 0xff, 0x00, 0x00, 0x00, 0x00, 0x00, 0x00, 0x00, 0x00, 0x00, 0x00, 0x00, 0x00, 0x00, 0x00, 0x00,
  0x00, 0x00, 0x00, 0x00, 0x00, 0x00, 0x00, 0x00, 0x00, 0x00, 0x00, 0x00, 0x00, 0x00, 0x00, 0x00, 0x00, 0x00, 0x00, 0x00, 0x00, 0x00, 0x00, 0x00,
  0x00, 0x00, 0x00, 0x00, 0x00, 0x00, 0x00, 0x00, 0x00, 0x00, 0x00, 0x00, 0x00, 0x00, 0x00, 0x00, 0x00, 0x00, 0x00, 0x00, 0x00, 0x00, 0x00, 0x00,
  0x00, 0x00, 0x00, 0x00, 0x00, 0x00, 0x00, 0x00, 0x00, 0x00, 0x00, 0x00, 0x00, 0x00, 0x00, 0x00, 0x00, 0x00, 0x00, 0x00, 0x00, 0x00, 0x00, 0x00,
  0x00, 0x00, 0x00, 0x00, 0x00, 0x00, 0x00, 0x00, 0x00, 0x00, 0x00, 0x00, 0x00, 0x00, 0x00, 0x4c, 0x03, 0x80, 0x6c, 0x03, 0xff, 0x6c, 0x03, 0xff,
  0x6c, 0x03, 0xff, 0x6c, 0x03, 0xff, 0x6c, 0x03, 0xff, 0x6c, 0x03, 0xff, 0x6c, 0x03, 0xff, 0x6c, 0x03, 0xff, 0x6c, 0x03, 0xff, 0x6c, 0x03, 0xff,
  0x6c, 0x03, 0xff, 0x6c, 0x03, 0xff, 0x6c, 0x03, 0xff, 0x6c, 0x03, 0xff, 0x6c, 0x03, 0xff, 0x6c, 0x03, 0xff, 0x6c, 0x03, 0xff, 0x6c, 0x03, 0xff,
  0x6c, 0x03, 0xff, 0x6c, 0x03, 0xff, 0x6c, 0x03, 0xff, 0x6c, 0x03, 0xff, 0x6c, 0x03, 0xff, 0x6c, 0x03, 0xff, 0x4c, 0x03, 0x80, 0x00, 0x00, 0x00,
  0x00, 0x00, 0x00, 0x00, 0x00, 0x00, 0x00, 0x00, 0x00, 0x00, 0x00, 0x00, 0x00, 0x00, 0x00, 0x00, 0x00, 0x00, 0x00, 0x00, 0x00, 0x00, 0x00, 0x00,
  0x00, 0x00, 0x00, 0x00, 0x00, 0x00, 0x00, 0x00, 0x00, 0x4c, 0x03, 0x80, 0x6c, 0x03, 0xff, 0x6c, 0x03, 0xff, 0x6c, 0x03, 0xff, 0x6c, 0x03, 0xff,
  0x6c, 0x03, 0xff, 0x6c, 0x03, 0xff, 0x6c, 0x03, 0xff, 0x6c, 0x03, 0xff, 0x6c, 0x03, 0xff, 0x6c, 0x03, 0xff, 0x6c, 0x03, 0xff, 0x6c, 0x03, 0xff,
  0x6c, 0x03, 0xff, 0x6c, 0x03, 0xff, 0x6c, 0x03, 0xff, 0x6c, 0x03, 0xff, 0x6c, 0x03, 0xff, 0x6c, 0x03, 0xff, 0x6c, 0x03, 0xff, 0x6c, 0x03, 0xff,
  0x6c, 0x03, 0xff, 0x6c, 0x03, 0xff, 0x6c, 0x03, 0xff, 0x00, 0x00, 0x00, 0x00, 0x00, 0x00, 0x00, 0x00, 0x00, 0x00, 0x00, 0x00, 0x00, 0x00, 0x00,
  0x00, 0x00, 0x00, 0x00, 0x00, 0x00, 0x00, 0x00, 0x00, 0x00, 0x00, 0x00, 0x00, 0x00, 0x00, 0x00, 0x00, 0x00, 0x00, 0x00, 0x00, 0x00, 0x00, 0x00,
  0x00, 0x00, 0x00, 0x00, 0x00, 0x00, 0x00, 0x00, 0x00, 0x00, 0x00, 0x00, 0x00, 0x00, 0x00, 0x00, 0x00, 0x00, 0x00, 0x00, 0x00, 0x00, 0x00, 0x00,
  0x00, 0x00, 0x00, 0x00, 0x00, 0x00, 0x00, 0x00, 0x00, 0x00, 0x00, 0x00, 0x00, 0x00, 0x00, 0x00, 0x00, 0x00, 0x00, 0x00, 0x00, 0x00, 0x00, 0x00,
  0x00, 0x00, 0x00, 0x00, 0x00, 0x00, 0x00, 0x00, 0x00, 0x00, 0x00, 0x00, 0x00, 0x00, 0x00, 0x4c, 0x03, 0x80, 0x6c, 0x03, 0xff, 0x6c, 0x03, 0xff,
  0x6c, 0x03, 0xff, 0x6c, 0x03, 0xff, 0x6c, 0x03, 0xff, 0x6c, 0x03, 0xff, 0x6c, 0x03, 0xff, 0x6c, 0x03, 0xff, 0x6c, 0x03, 0xff, 0x6c, 0x03, 0xff,
  0x6c, 0x03, 0xff, 0x6c, 0x03, 0xff, 0x6c, 0x03, 0xff, 0x6c, 0x03, 0xff, 0x6c, 0x03, 0xff, 0x6c, 0x03, 0xff, 0x6c, 0x03, 0xff, 0x6c, 0x03, 0xff,
  0x6c, 0x03, 0xff, 0x6c, 0x03, 0xff, 0x6c, 0x03, 0xff, 0x6c, 0x03, 0xff, 0x6c, 0x03, 0xff, 0x6c, 0x03, 0xff, 0x4c, 0x03, 0x40, 0x00, 0x00, 0x00,
  0x00, 0x00, 0x00, 0x00, 0x00, 0x00, 0x00, 0x00, 0x00, 0x00, 0x00, 0x00, 0x00, 0x00, 0x00, 0x00, 0x00, 0x00, 0x00, 0x00, 0x00, 0x00, 0x00, 0x00,
  0x00, 0x00, 0x00, 0x00, 0x00, 0x00, 0x00, 0x00, 0x00, 0x4c, 0x03, 0x40, 0x6c, 0x03, 0xff, 0x6c, 0x03, 0xff, 0x6c, 0x03, 0xff, 0x6c, 0x03, 0xff,
  0x6c, 0x03, 0xff, 0x6c, 0x03, 0xff, 0x6c, 0x03, 0xff, 0x6c, 0x03, 0xff, 0x6c, 0x03, 0xff, 0x6c, 0x03, 0xff, 0x6c, 0x03, 0xff, 0x6c, 0x03, 0xff,
  0x6c, 0x03, 0xff, 0x6c, 0x03, 0xff, 0x6c, 0x03, 0xff, 0x6c, 0x03, 0xff, 0x6c, 0x03, 0xff, 0x6c, 0x03, 0xff, 0x6c, 0x03, 0xff, 0x6c, 0x03, 0xff,
  0x6c, 0x03, 0xff, 0x6c, 0x03, 0xff, 0x6c, 0x03, 0xff, 0x00, 0x00, 0x00, 0x00, 0x00, 0x00, 0x00, 0x00, 0x00, 0x00, 0x00, 0x00, 0x00, 0x00, 0x00,
  0x00, 0x00, 0x00, 0x00, 0x00, 0x00, 0x00, 0x00, 0x00, 0x00, 0x00, 0x00, 0x00, 0x00, 0x00, 0x00, 0x00, 0x00, 0x00, 0x00, 0x00, 0x00, 0x00, 0x00,
  0x00, 0x00, 0x00, 0x00, 0x00, 0x00, 0x00, 0x00, 0x00, 0x00, 0x00, 0x00, 0x00, 0x00, 0x00, 0x00, 0x00, 0x00, 0x00, 0x00, 0x00, 0x00, 0x00, 0x00,
  0x00, 0x00, 0x00, 0x00, 0x00, 0x00, 0x00, 0x00, 0x00, 0x00, 0x00, 0x00, 0x00, 0x00, 0x00, 0x00, 0x00, 0x00, 0x00, 0x00, 0x00, 0x00, 0x00, 0x00,
  0x00, 0x00, 0x00, 0x00, 0x00, 0x00, 0x00, 0x00, 0x00, 0x00, 0x00, 0x00, 0x00, 0x00, 0x00, 0x4c, 0x03, 0x80, 0x6c, 0x03, 0xff, 0x6c, 0x03, 0xff,
  0x6c, 0x03, 0xff, 0x6c, 0x03, 0xff, 0x6c, 0x03, 0xff, 0x6c, 0x03, 0xff, 0x6c, 0x03, 0xff, 0x6c, 0x03, 0xff, 0x6c, 0x03, 0xff, 0x6c, 0x03, 0xff,
  0x6c, 0x03, 0xff, 0x6c, 0x03, 0xff, 0x6c, 0x03, 0xff, 0x6c, 0x03, 0xff, 0x6c, 0x03, 0xff, 0x6c, 0x03, 0xff, 0x6c, 0x03, 0xff, 0x6c, 0x03, 0xff,
  0x6c, 0x03, 0xff, 0x6c, 0x03, 0xff, 0x6c, 0x03, 0xff, 0x6c, 0x03, 0xff, 0x6c, 0x03, 0xff, 0x4c, 0x03, 0xf8, 0x8e, 0x03, 0x09, 0x00, 0x00, 0x00,
  0x00, 0x00, 0x00, 0x00, 0x00, 0x00, 0x00, 0x00, 0x00, 0x00, 0x00, 0x00, 0x00, 0x00, 0x00, 0x00, 0x00, 0x00, 0x00, 0x00, 0x00, 0x00, 0x00, 0x00,
  0x00, 0x00, 0x00, 0x00, 0x00, 0x00, 0x00, 0x00, 0x00, 0x6d, 0x03, 0x07, 0x6c, 0x03, 0xf7, 0x6c, 0x03, 0xff, 0x6c, 0x03, 0xff, 0x6c, 0x03, 0xff,
  0x6c, 0x03, 0xff, 0x6c, 0x03, 0xff, 0x6c, 0x03, 0xff, 0x6c, 0x03, 0xff, 0x6c, 0x03, 0xff, 0x6c, 0x03, 0xff, 0x6c, 0x03, 0xff, 0x6c, 0x03, 0xff,
  0x6c, 0x03, 0xff, 0x6c, 0x03, 0xff, 0x6c, 0x03, 0xff, 0x6c, 0x03, 0xff, 0x6c, 0x03, 0xff, 0x6c, 0x03, 0xff, 0x6c, 0x03, 0xff, 0x6c, 0x03, 0xff,
  0x6c, 0x03, 0xff, 0x6c, 0x03, 0xff, 0x6c, 0x03, 0xff, 0x00, 0x00, 0x00, 0x00, 0x00, 0x00, 0x00, 0x00, 0x00, 0x00, 0x00, 0x00, 0x00, 0x00, 0x00,
  0x00, 0x00, 0x00, 0x00, 0x00, 0x00, 0x00, 0x00, 0x00, 0x00, 0x00, 0x00, 0x00, 0x00, 0x00, 0x00, 0x00, 0x00, 0x00, 0x00, 0x00, 0x00, 0x00, 0x00,
  0x00, 0x00, 0x00, 0x00, 0x00, 0x00, 0x00, 0x00, 0x00, 0x00, 0x00, 0x00, 0x00, 0x00, 0x00, 0x00, 0x00, 0x00, 0x00, 0x00, 0x00, 0x00, 0x00, 0x00,
  0x00, 0x00, 0x00, 0x00, 0x00, 0x00, 0x00, 0x00, 0x00, 0x00, 0x00, 0x00, 0x00, 0x00, 0x00, 0x00, 0x00, 0x00, 0x00, 0x00, 0x00, 0x00, 0x00, 0x00,
  0x00, 0x00, 0x00, 0x00, 0x00, 0x00, 0x00, 0x00, 0x00, 0x00, 0x00, 0x00, 0x00, 0x00, 0x00, 0x4c, 0x03, 0x80, 0x6c, 0x03, 0xff, 0x6c, 0x03, 0xff,
  0x6c, 0x03, 0xff, 0x6c, 0x03, 0xff, 0x6c, 0x03, 0xff, 0x6c, 0x03, 0xff, 0x6c, 0x03, 0xff, 0x6c, 0x03, 0xff, 0x6c, 0x03, 0xff, 0x6c, 0x03, 0xff,
  0x6c, 0x03, 0xff, 0x6c, 0x03, 0xff, 0x6c, 0x03, 0xff, 0x6c, 0x03, 0xff, 0x6c, 0x03, 0xff, 0x6c, 0x03, 0xff, 0x6c, 0x03, 0xff, 0x6c, 0x03, 0xff,
  0x6c, 0x03, 0xff, 0x6c, 0x03, 0xff, 0x6c, 0x03, 0xff, 0x6c, 0x03, 0xff, 0x6c, 0x03, 0xff, 0x6c, 0x03, 0xbf, 0x00, 0x00, 0x00, 0x00, 0x00, 0x00,
  0x00, 0x00, 0x00, 0x00, 0x00, 0x00, 0x00, 0x00, 0x00, 0x00, 0x00, 0x00, 0x00, 0x00, 0x00, 0x00, 0x00, 0x00, 0x00, 0x00, 0x00, 0x00, 0x00, 0x00,
  0x00, 0x00, 0x00, 0x00, 0x00, 0x00, 0x00, 0x00, 0x00, 0x00, 0x00, 0x00, 0x6c, 0x03, 0xbf, 0x6c, 0x03, 0xff, 0x6c, 0x03, 0xff, 0x6c, 0x03, 0xff,
  0x6c, 0x03, 0xff, 0x6c, 0x03, 0xff, 0x6c, 0x03, 0xff, 0x6c, 0x03, 0xff, 0x6c, 0x03, 0xff, 0x6c, 0x03, 0xff, 0x6c, 0x03, 0xff, 0x6c, 0x03, 0xff,
  0x6c, 0x03, 0xff, 0x6c, 0x03, 0xff, 0x6c, 0x03, 0xff, 0x6c, 0x03, 0xff, 0x6c, 0x03, 0xff, 0x6c, 0x03, 0xff, 0x6c, 0x03, 0xff, 0x6c, 0x03, 0xff,
  0x6c, 0x03, 0xff, 0x6c, 0x03, 0xff, 0x6c, 0x03, 0xff, 0x00, 0x00, 0x00, 0x00, 0x00, 0x00, 0x00, 0x00, 0x00, 0x00, 0x00, 0x00, 0x00, 0x00, 0x00,
  0x00, 0x00, 0x00, 0x00, 0x00, 0x00, 0x00, 0x00, 0x00, 0x00, 0x00, 0x00, 0x00, 0x00, 0x00, 0x00, 0x00, 0x00, 0x00, 0x00, 0x00, 0x00, 0x00, 0x00,
  0x00, 0x00, 0x00, 0x00, 0x00, 0x00, 0x00, 0x00, 0x00, 0x00, 0x00, 0x00, 0x00, 0x00, 0x00, 0x00, 0x00, 0x00, 0x00, 0x00, 0x00, 0x00, 0x00, 0x00,
  0x00, 0x00, 0x00, 0x00, 0x00, 0x00, 0x00, 0x00, 0x00, 0x00, 0x00, 0x00, 0x00, 0x00, 0x00, 0x00, 0x00, 0x00, 0x00, 0x00, 0x00, 0x00, 0x00, 0x00,
  0x00, 0x00, 0x00, 0x00, 0x00, 0x00, 0x00, 0x00, 0x00, 0x00, 0x00, 0x00, 0x00, 0x00, 0x00, 0x4c, 0x03, 0x80, 0x6c, 0x03, 0xff, 0x6c, 0x03, 0xff,
  0x6c, 0x03, 0xff, 0x6c, 0x03, 0xff, 0x6c, 0x03, 0xff, 0x6c, 0x03, 0xff, 0x6c, 0x03, 0xff, 0x6c, 0x03, 0xff, 0x6c, 0x03, 0xff, 0x6c, 0x03, 0xff,
  0x6c, 0x03, 0xff, 0x6c, 0x03, 0xff, 0x6c, 0x03, 0xff, 0x6c, 0x03, 0xff, 0x6c, 0x03, 0xff, 0x6c, 0x03, 0xff, 0x6c, 0x03, 0xff, 0x6c, 0x03, 0xff,
  0x6c, 0x03, 0xff, 0x6c, 0x03, 0xff, 0x6c, 0x03, 0xff, 0x6c, 0x03, 0xff, 0x6c, 0x03, 0xff, 0x4c, 0x03, 0x85, 0x00, 0x00, 0x00, 0x00, 0x00, 0x00,
  0x00, 0x00, 0x00, 0x00, 0x00, 0x00, 0x00, 0x00, 0x00, 0x00, 0x00, 0x00, 0x00, 0x00, 0x00, 0x00, 0x00, 0x00, 0x00, 0x00, 0x00, 0x00, 0x00, 0x00,
  0x00, 0x00, 0x00, 0x00, 0x00, 0x00, 0x00, 0x00, 0x00, 0x00, 0x00, 0x00, 0x4c, 0x03, 0x85, 0x6c, 0x03, 0xff, 0x6c, 0x03, 0xff, 0x6c, 0x03, 0xff,
  0x6c, 0x03, 0xff, 0x6c, 0x03, 0xff, 0x6c, 0x03, 0xff, 0x6c, 0x03, 0xff, 0x6c, 0x03, 0xff, 0x6c, 0x03, 0xff, 0x6c, 0x03, 0xff, 0x6c, 0x03, 0xff,
  0x6c, 0x03, 0xff, 0x6c, 0x03, 0xff, 0x6c, 0x03, 0xff, 0x6c, 0x03, 0xff, 0x6c, 0x03, 0xff, 0x6c, 0x03, 0xff, 0x6c, 0x03, 0xff, 0x6c, 0x03, 0xff,
  0x6c, 0x03, 0xff, 0x6c, 0x03, 0xff, 0x6c, 0x03, 0xff, 0x00, 0x00, 0x00, 0x00, 0x00, 0x00, 0x00, 0x00, 0x00, 0x00, 0x00, 0x00, 0x00, 0x00, 0x00,
  0x00, 0x00, 0x00, 0x00, 0x00, 0x00, 0x00, 0x00, 0x00, 0x00, 0x00, 0x00, 0x00, 0x00, 0x00, 0x00, 0x00, 0x00, 0x00, 0x00, 0x00, 0x00, 0x00, 0x00,
  0x00, 0x00, 0x00, 0x00, 0x00, 0x00, 0x00, 0x00, 0x00, 0x00, 0x00, 0x00, 0x00, 0x00, 0x00, 0x00, 0x00, 0x00, 0x00, 0x00, 0x00, 0x00, 0x00, 0x00,
  0x00, 0x00, 0x00, 0x00, 0x00, 0x00, 0x00, 0x00, 0x00, 0x00, 0x00, 0x00, 0x00, 0x00, 0x00, 0x00, 0x00, 0x00, 0x00, 0x00, 0x00, 0x00, 0x00, 0x00,
  0x00, 0x00, 0x00, 0x00, 0x00, 0x00, 0x00, 0x00, 0x00, 0x00, 0x00, 0x00, 0x00, 0x00, 0x00, 0x4c, 0x03, 0x80, 0x6c, 0x03, 0xff, 0x6c, 0x03, 0xff,
  0x6c, 0x03, 0xff, 0x6c, 0x03, 0xff, 0x6c, 0x03, 0xff, 0x6c, 0x03, 0xff, 0x6c, 0x03, 0xff, 0x6c, 0x03, 0xff, 0x6c, 0x03, 0xff, 0x6c, 0x03, 0xff,
  0x6c, 0x03, 0xff, 0x6c, 0x03, 0xff, 0x6c, 0x03, 0xff, 0x6c, 0x03, 0xff, 0x6c, 0x03, 0xff, 0x6c, 0x03, 0xff, 0x6c, 0x03, 0xff, 0x6c, 0x03, 0xff,
  0x6c, 0x03, 0xff, 0x6c, 0x03, 0xff, 0x6c, 0x03, 0xff, 0x6c, 0x03, 0xff, 0x6c, 0x03, 0xff, 0x4c, 0x03, 0xaf, 0x4d, 0x03, 0x11, 0x00, 0x00, 0x00,
  0x00, 0x00, 0x00, 0x00, 0x00, 0x00, 0x00, 0x00, 0x00, 0x00, 0x00, 0x00, 0x00, 0x00, 0x00, 0x00, 0x00, 0x00, 0x00, 0x00, 0x00, 0x00, 0x00, 0x00,
  0x00, 0x00, 0x00, 0x00, 0x00, 0x00, 0x00, 0x00, 0x00, 0x4d, 0x03, 0x11, 0x4c, 0x03, 0xaf, 0x6c, 0x03, 0xff, 0x6c, 0x03, 0xff, 0x6c, 0x03, 0xff,
  0x6c, 0x03, 0xff, 0x6c, 0x03, 0xff, 0x6c, 0x03, 0xff, 0x6c, 0x03, 0xff, 0x6c, 0x03, 0xff, 0x6c, 0x03, 0xff, 0x6c, 0x03, 0xff, 0x6c, 0x03, 0xff,
  0x6c, 0x03, 0xff, 0x6c, 0x03, 0xff, 0x6c, 0x03, 0xff, 0x6c, 0x03, 0xff, 0x6c, 0x03, 0xff, 0x6c, 0x03, 0xff, 0x6c, 0x03, 0xff, 0x6c, 0x03, 0xff,
  0x6c, 0x03, 0xff, 0x6c, 0x03, 0xff, 0x6c, 0x03, 0xff, 0x00, 0x00, 0x00, 0x00, 0x00, 0x00, 0x00, 0x00, 0x00, 0x00, 0x00, 0x00, 0x00, 0x00, 0x00,
  0x00, 0x00, 0x00, 0x00, 0x00, 0x00, 0x00, 0x00, 0x00, 0x00, 0x00, 0x00, 0x00, 0x00, 0x00, 0x00, 0x00, 0x00, 0x00, 0x00, 0x00, 0x00, 0x00, 0x00,
  0x00, 0x00, 0x00, 0x00, 0x00, 0x00, 0x00, 0x00, 0x00, 0x00, 0x00, 0x00, 0x00, 0x00, 0x00, 0x00, 0x00, 0x00, 0x00, 0x00, 0x00, 0x00, 0x00, 0x00,
  0x00, 0x00, 0x00, 0x00, 0x00, 0x00, 0x00, 0x00, 0x00, 0x00, 0x00, 0x00, 0x00, 0x00, 0x00, 0x00, 0x00, 0x00, 0x00, 0x00, 0x00, 0x00, 0x00, 0x00,
  0x00, 0x00, 0x00, 0x00, 0x00, 0x00, 0x00, 0x00, 0x00, 0x00, 0x00, 0x00, 0x00, 0x00, 0x00, 0x4c, 0x03, 0x80, 0x6c, 0x03, 0xff, 0x6c, 0x03, 0xff,
  0x6c, 0x03, 0xff, 0x6c, 0x03, 0xff, 0x6c, 0x03, 0xff, 0x6c, 0x03, 0xff, 0x6c, 0x03, 0xff, 0x6c, 0x03, 0xff, 0x6c, 0x03, 0xff, 0x6c, 0x03, 0xff,
  0x6c, 0x03, 0xff, 0x6c, 0x03, 0xff, 0x6c, 0x03, 0xff, 0x6c, 0x03, 0xff, 0x6c, 0x03, 0xff, 0x6c, 0x03, 0xff, 0x6c, 0x03, 0xff, 0x6c, 0x03, 0xff,
  0x6c, 0x03, 0xff, 0x6c, 0x03, 0xff, 0x6c, 0x03, 0xff, 0x6c, 0x03, 0xff, 0x6c, 0x03, 0xff, 0x6c, 0x03, 0xff, 0x6c, 0x03, 0xff, 0x6c, 0x03, 0xff,
  0x6c, 0x03, 0xff, 0x6c, 0x03, 0xff, 0x6c, 0x03, 0xff, 0x6c, 0x03, 0xff, 0x6c, 0x03, 0xff, 0x6c, 0x03, 0xff, 0x6c, 0x03, 0xff, 0x6c, 0x03, 0xff,
  0x6c, 0x03, 0xff, 0x6c, 0x03, 0xff, 0x6c, 0x03, 0xff, 0x6c, 0x03, 0xff, 0x6c, 0x03, 0xff, 0x6c, 0x03, 0xff, 0x6c, 0x03, 0xff, 0x6c, 0x03, 0xff,
  0x6c, 0x03, 0xff, 0x6c, 0x03, 0xff, 0x6c, 0x03, 0xff, 0x6c, 0x03, 0xff, 0x6c, 0x03, 0xff, 0x6c, 0x03, 0xff, 0x6c, 0x03, 0xff, 0x6c, 0x03, 0xff,
  0x6c, 0x03, 0xff, 0x6c, 0x03, 0xff, 0x6c, 0x03, 0xff, 0x6c, 0x03, 0xff, 0x6c, 0x03, 0xff, 0x6c, 0x03, 0xff, 0x6c, 0x03, 0xff, 0x6c, 0x03, 0xff,
  0x6c, 0x03, 0xff, 0x6c, 0x03, 0xff, 0x6c, 0x03, 0xff, 0x00, 0x00, 0x00, 0x00, 0x00, 0x00, 0x00, 0x00, 0x00, 0x00, 0x00, 0x00, 0x00, 0x00, 0x00,
  0x00, 0x00, 0x00, 0x00, 0x00, 0x00, 0x00, 0x00, 0x00, 0x00, 0x00, 0x00, 0x00, 0x00, 0x00, 0x00, 0x00, 0x00, 0x00, 0x00, 0x00, 0x00, 0x00, 0x00,
  0x00, 0x00, 0x00, 0x00, 0x00, 0x00, 0x00, 0x00, 0x00, 0x00, 0x00, 0x00, 0x00, 0x00, 0x00, 0x00, 0x00, 0x00, 0x00, 0x00, 0x00, 0x00, 0x00, 0x00,
  0x00, 0x00, 0x00, 0x00, 0x00, 0x00, 0x00, 0x00, 0x00, 0x00, 0x00, 0x00, 0x00, 0x00, 0x00, 0x00, 0x00, 0x00, 0x00, 0x00, 0x00, 0x00, 0x00, 0x00,
  0x00, 0x00, 0x00, 0x00, 0x00, 0x00, 0x00, 0x00, 0x00, 0x00, 0x00, 0x00, 0x00, 0x00, 0x00, 0x4c, 0x03, 0x80, 0x6c, 0x03, 0xff, 0x6c, 0x03, 0xff,
  0x6c, 0x03, 0xff, 0x6c, 0x03, 0xff, 0x6c, 0x03, 0xff, 0x6c, 0x03, 0xff, 0x6c, 0x03, 0xff, 0x6c, 0x03, 0xff, 0x6c, 0x03, 0xff, 0x6c, 0x03, 0xff,
  0x6c, 0x03, 0xff, 0x6c, 0x03, 0xff, 0x6c, 0x03, 0xff, 0x6c, 0x03, 0xff, 0x6c, 0x03, 0xff, 0x6c, 0x03, 0xff, 0x6c, 0x03, 0xff, 0x6c, 0x03, 0xff,
  0x6c, 0x03, 0xff, 0x6c, 0x03, 0xff, 0x6c, 0x03, 0xff, 0x6c, 0x03, 0xff, 0x6c, 0x03, 0xff, 0x6c, 0x03, 0xff, 0x6c, 0x03, 0xff, 0x6c, 0x03, 0xff,
  0x6c, 0x03, 0xff, 0x6c, 0x03, 0xff, 0x6c, 0x03, 0xff, 0x6c, 0x03, 0xff, 0x6c, 0x03, 0xff, 0x6c, 0x03, 0xff, 0x6c, 0x03, 0xff, 0x6c, 0x03, 0xff,
  0x6c, 0x03, 0xff, 0x6c, 0x03, 0xff, 0x6c, 0x03, 0xff, 0x6c, 0x03, 0xff, 0x6c, 0x03, 0xff, 0x6c, 0x03, 0xff, 0x6c, 0x03, 0xff, 0x6c, 0x03, 0xff,
  0x6c, 0x03, 0xff, 0x6c, 0x03, 0xff, 0x6c, 0x03, 0xff, 0x6c, 0x03, 0xff, 0x6c, 0x03, 0xff, 0x6c, 0x03, 0xff, 0x6c, 0x03, 0xff, 0x6c, 0x03, 0xff,
  0x6c, 0x03, 0xff, 0x6c, 0x03, 0xff, 0x6c, 0x03, 0xff, 0x6c, 0x03, 0xff, 0x6c, 0x03, 0xff, 0x6c, 0x03, 0xff, 0x6c, 0x03, 0xff, 0x6c, 0x03, 0xff,
  0x6c, 0x03, 0xff, 0x6c, 0x03, 0xff, 0x6c, 0x03, 0xff, 0x00, 0x00, 0x00, 0x00, 0x00, 0x00, 0x00, 0x00, 0x00, 0x00, 0x00, 0x00, 0x00, 0x00, 0x00,
  0x00, 0x00, 0x00, 0x00, 0x00, 0x00, 0x00, 0x00, 0x00, 0x00, 0x00, 0x00, 0x00, 0x00, 0x00, 0x00, 0x00, 0x00, 0x00, 0x00, 0x00, 0x00, 0x00, 0x00,
  0x00, 0x00, 0x00, 0x00, 0x00, 0x00, 0x00, 0x00, 0x00, 0x00, 0x00, 0x00, 0x00, 0x00, 0x00, 0x00, 0x00, 0x00, 0x00, 0x00, 0x00, 0x00, 0x00, 0x00,
  0x00, 0x00, 0x00, 0x00, 0x00, 0x00, 0x00, 0x00, 0x00, 0x00, 0x00, 0x00, 0x00, 0x00, 0x00, 0x00, 0x00, 0x00, 0x00, 0x00, 0x00, 0x00, 0x00, 0x00,
  0x00, 0x00, 0x00, 0x00, 0x00, 0x00, 0x00, 0x00, 0x00, 0x00, 0x00, 0x00, 0x00, 0x00, 0x00, 0x4c, 0x03, 0x80, 0x6c, 0x03, 0xff, 0x6c, 0x03, 0xff,
  0x6c, 0x03, 0xff, 0x6c, 0x03, 0xff, 0x6c, 0x03, 0xff, 0x6c, 0x03, 0xff, 0x6c, 0x03, 0xff, 0x6c, 0x03, 0xff, 0x6c, 0x03, 0xff, 0x6c, 0x03, 0xff,
  0x6c, 0x03, 0xff, 0x6c, 0x03, 0xff, 0x6c, 0x03, 0xff, 0x6c, 0x03, 0xff, 0x6c, 0x03, 0xff, 0x6c, 0x03, 0xff, 0x6c, 0x03, 0xff, 0x6c, 0x03, 0xff,
  0x6c, 0x03, 0xff, 0x6c, 0x03, 0xff, 0x6c, 0x03, 0xff, 0x6c, 0x03, 0xff, 0x6c, 0x03, 0xff, 0x6c, 0x03, 0xff, 0x6c, 0x03, 0xff, 0x6c, 0x03, 0xff,
  0x6c, 0x03, 0xff, 0x6c, 0x03, 0xff, 0x6c, 0x03, 0xff, 0x6c, 0x03, 0xff, 0x6c, 0x03, 0xff, 0x6c, 0x03, 0xff, 0x6c, 0x03, 0xff, 0x6c, 0x03, 0xff,
  0x6c, 0x03, 0xff, 0x6c, 0x03, 0xff, 0x6c, 0x03, 0xff, 0x6c, 0x03, 0xff, 0x6c, 0x03, 0xff, 0x6c, 0x03, 0xff, 0x6c, 0x03, 0xff, 0x6c, 0x03, 0xff,
  0x6c, 0x03, 0xff, 0x6c, 0x03, 0xff, 0x6c, 0x03, 0xff, 0x6c, 0x03, 0xff, 0x6c, 0x03, 0xff, 0x6c, 0x03, 0xff, 0x6c, 0x03, 0xff, 0x6c, 0x03, 0xff,
  0x6c, 0x03, 0xff, 0x6c, 0x03, 0xff, 0x6c, 0x03, 0xff, 0x6c, 0x03, 0xff, 0x6c, 0x03, 0xff, 0x6c, 0x03, 0xff, 0x6c, 0x03, 0xff, 0x6c, 0x03, 0xff,
  0x6c, 0x03, 0xff, 0x6c, 0x03, 0xff, 0x6c, 0x03, 0xff, 0x00, 0x00, 0x00, 0x00, 0x00, 0x00, 0x00, 0x00, 0x00, 0x00, 0x00, 0x00, 0x00, 0x00, 0x00,
  0x00, 0x00, 0x00, 0x00, 0x00, 0x00, 0x00, 0x00, 0x00, 0x00, 0x00, 0x00, 0x00, 0x00, 0x00, 0x00, 0x00, 0x00, 0x00, 0x00, 0x00, 0x00, 0x00, 0x00,
  0x00, 0x00, 0x00, 0x00, 0x00, 0x00, 0x00, 0x00, 0x00, 0x00, 0x00, 0x00, 0x00, 0x00, 0x00, 0x00, 0x00, 0x00, 0x00, 0x00, 0x00, 0x00, 0x00, 0x00,
  0x00, 0x00, 0x00, 0x00, 0x00, 0x00, 0x00, 0x00, 0x00, 0x00, 0x00, 0x00, 0x00, 0x00, 0x00, 0x00, 0x00, 0x00, 0x00, 0x00, 0x00, 0x00, 0x00, 0x00,
  0x00, 0x00, 0x00, 0x00, 0x00, 0x00, 0x00, 0x00, 0x00, 0x00, 0x00, 0x00, 0x00, 0x00, 0x00, 0x4c, 0x03, 0x80, 0x6c, 0x03, 0xff, 0x6c, 0x03, 0xff,
  0x6c, 0x03, 0xff, 0x6c, 0x03, 0xff, 0x6c, 0x03, 0xff, 0x6c, 0x03, 0xff, 0x6c, 0x03, 0xff, 0x6c, 0x03, 0xff, 0x6c, 0x03, 0xff, 0x6c, 0x03, 0xff,
  0x6c, 0x03, 0xff, 0x6c, 0x03, 0xff, 0x6c, 0x03, 0xff, 0x6c, 0x03, 0xff, 0x6c, 0x03, 0xff, 0x6c, 0x03, 0xff, 0x6c, 0x03, 0xff, 0x6c, 0x03, 0xff,
  0x6c, 0x03, 0xff, 0x6c, 0x03, 0xff, 0x6c, 0x03, 0xff, 0x6c, 0x03, 0xff, 0x6c, 0x03, 0xff, 0x6c, 0x03, 0xff, 0x6c, 0x03, 0xff, 0x6c, 0x03, 0xff,
  0x6c, 0x03, 0xff, 0x6c, 0x03, 0xff, 0x6c, 0x03, 0xff, 0x6c, 0x03, 0xff, 0x6c, 0x03, 0xff, 0x6c, 0x03, 0xff, 0x6c, 0x03, 0xff, 0x6c, 0x03, 0xff,
  0x6c, 0x03, 0xff, 0x6c, 0x03, 0xff, 0x6c, 0x03, 0xff, 0x6c, 0x03, 0xff, 0x6c, 0x03, 0xff, 0x6c, 0x03, 0xff, 0x6c, 0x03, 0xff, 0x6c, 0x03, 0xff,
  0x6c, 0x03, 0xff, 0x6c, 0x03, 0xff, 0x6c, 0x03, 0xff, 0x6c, 0x03, 0xff, 0x6c, 0x03, 0xff, 0x6c, 0x03, 0xff, 0x6c, 0x03, 0xff, 0x6c, 0x03, 0xff,
  0x6c, 0x03, 0xff, 0x6c, 0x03, 0xff, 0x6c, 0x03, 0xff, 0x6c, 0x03, 0xff, 0x6c, 0x03, 0xff, 0x6c, 0x03, 0xff, 0x6c, 0x03, 0xff, 0x6c, 0x03, 0xff,
  0x6c, 0x03, 0xff, 0x6c, 0x03, 0xff, 0x6c, 0x03, 0xff, 0x00, 0x00, 0x00, 0x00, 0x00, 0x00, 0x00, 0x00, 0x00, 0x00, 0x00, 0x00, 0x00, 0x00, 0x00,
  0x00, 0x00, 0x00, 0x00, 0x00, 0x00, 0x00, 0x00, 0x00, 0x00, 0x00, 0x00, 0x00, 0x00, 0x00, 0x00, 0x00, 0x00, 0x00, 0x00, 0x00, 0x00, 0x00, 0x00,
  0x00, 0x00, 0x00, 0x00, 0x00, 0x00, 0x00, 0x00, 0x00, 0x00, 0x00, 0x00, 0x00, 0x00, 0x00, 0x00, 0x00, 0x00, 0x00, 0x00, 0x00, 0x00, 0x00, 0x00,
  0x00, 0x00, 0x00, 0x00, 0x00, 0x00, 0x00, 0x00, 0x00, 0x00, 0x00, 0x00, 0x00, 0x00, 0x00, 0x00, 0x00, 0x00, 0x00, 0x00, 0x00, 0x00, 0x00, 0x00,
  0x00, 0x00, 0x00, 0x00, 0x00, 0x00, 0x00, 0x00, 0x00, 0x00, 0x00, 0x00, 0x00, 0x00, 0x00, 0x4c, 0x03, 0x80, 0x6c, 0x03, 0xff, 0x6c, 0x03, 0xff,
  0x6c, 0x03, 0xff, 0x6c, 0x03, 0xff, 0x6c, 0x03, 0xff, 0x6c, 0x03, 0xff, 0x6c, 0x03, 0xff, 0x6c, 0x03, 0xff, 0x6c, 0x03, 0xff, 0x6c, 0x03, 0xff,
  0x6c, 0x03, 0xff, 0x6c, 0x03, 0xff, 0x6c, 0x03, 0xff, 0x6c, 0x03, 0xff, 0x6c, 0x03, 0xff, 0x6c, 0x03, 0xff, 0x6c, 0x03, 0xff, 0x6c, 0x03, 0xff,
  0x6c, 0x03, 0xff, 0x6c, 0x03, 0xff, 0x6c, 0x03, 0xff, 0x6c, 0x03, 0xff, 0x6c, 0x03, 0xff, 0x6c, 0x03, 0xff, 0x6c, 0x03, 0xff, 0x6c, 0x03, 0xff,
  0x6c, 0x03, 0xff, 0x6c, 0x03, 0xff, 0x6c, 0x03, 0xff, 0x6c, 0x03, 0xff, 0x6c, 0x03, 0xff, 0x6c, 0x03, 0xff, 0x6c, 0x03, 0xff, 0x6c, 0x03, 0xff,
  0x6c, 0x03, 0xff, 0x6c, 0x03, 0xff, 0x6c, 0x03, 0xff, 0x6c, 0x03, 0xff, 0x6c, 0x03, 0xff, 0x6c, 0x03, 0xff, 0x6c, 0x03, 0xff, 0x6c, 0x03, 0xff,
  0x6c, 0x03, 0xff, 0x6c, 0x03, 0xff, 0x6c, 0x03, 0xff, 0x6c, 0x03, 0xff, 0x6c, 0x03, 0xff, 0x6c, 0x03, 0xff, 0x6c, 0x03, 0xff, 0x6c, 0x03, 0xff,
  0x6c, 0x03, 0xff, 0x6c, 0x03, 0xff, 0x6c, 0x03, 0xff, 0x6c, 0x03, 0xff, 0x6c, 0x03, 0xff, 0x6c, 0x03, 0xff, 0x6c, 0x03, 0xff, 0x6c, 0x03, 0xff,
  0x6c, 0x03, 0xff, 0x6c, 0x03, 0xff, 0x6c, 0x03, 0xff, 0x00, 0x00, 0x00, 0x00, 0x00, 0x00, 0x00, 0x00, 0x00, 0x00, 0x00, 0x00, 0x00, 0x00, 0x00,
  0x00, 0x00, 0x00, 0x00, 0x00, 0x00, 0x00, 0x00, 0x00, 0x00, 0x00, 0x00, 0x00, 0x00, 0x00, 0x00, 0x00, 0x00, 0x00, 0x00, 0x00, 0x00, 0x00, 0x00,
  0x00, 0x00, 0x00, 0x00, 0x00, 0x00, 0x00, 0x00, 0x00, 0x00, 0x00, 0x00, 0x00, 0x00, 0x00, 0x00, 0x00, 0x00, 0x00, 0x00, 0x00, 0x00, 0x00, 0x00,
  0x00, 0x00, 0x00, 0x00, 0x00, 0x00, 0x00, 0x00, 0x00, 0x00, 0x00, 0x00, 0x00, 0x00, 0x00, 0x00, 0x00, 0x00, 0x00, 0x00, 0x00, 0x00, 0x00, 0x00,
  0x00, 0x00, 0x00, 0x00, 0x00, 0x00, 0x00, 0x00, 0x00, 0x00, 0x00, 0x00, 0x00, 0x00, 0x00, 0x0b, 0x03, 0x99, 0x6c, 0x03, 0xff, 0x6c, 0x03, 0xff,
  0x6c, 0x03, 0xff, 0x6c, 0x03, 0xff, 0x6c, 0x03, 0xff, 0x6c, 0x03, 0xff, 0x6c, 0x03, 0xff, 0x6c, 0x03, 0xff, 0x6c, 0x03, 0xff, 0x6c, 0x03, 0xff,
  0x6c, 0x03, 0xff, 0x6c, 0x03, 0xff, 0x6c, 0x03, 0xff, 0x6c, 0x03, 0xff, 0x6c, 0x03, 0xff, 0x6c, 0x03, 0xff, 0x6c, 0x03, 0xff, 0x6c, 0x03, 0xff,
  0x6c, 0x03, 0xff, 0x6c, 0x03, 0xff, 0x6c, 0x03, 0xff, 0x6c, 0x03, 0xff, 0x6c, 0x03, 0xff, 0x6c, 0x03, 0xff, 0x6c, 0x03, 0xff, 0x6c, 0x03, 0xff,
  0x6c, 0x03, 0xff, 0x6c, 0x03, 0xff, 0x6c, 0x03, 0xff, 0x6c, 0x03, 0xff, 0x6c, 0x03, 0xff, 0x6c, 0x03, 0xff, 0x6c, 0x03, 0xff, 0x6c, 0x03, 0xff,
  0x6c, 0x03, 0xff, 0x6c, 0x03, 0xff, 0x6c, 0x03, 0xff, 0x6c, 0x03, 0xff, 0x6c, 0x03, 0xff, 0x6c, 0x03, 0xff, 0x6c, 0x03, 0xff, 0x6c, 0x03, 0xff,
  0x6c, 0x03, 0xff, 0x6c, 0x03, 0xff, 0x6c, 0x03, 0xff, 0x6c, 0x03, 0xff, 0x6c, 0x03, 0xff, 0x6c, 0x03, 0xff, 0x6c, 0x03, 0xff, 0x6c, 0x03, 0xff,
  0x6c, 0x03, 0xff, 0x6c, 0x03, 0xff, 0x6c, 0x03, 0xff, 0x6c, 0x03, 0xff, 0x6c, 0x03, 0xff, 0x6c, 0x03, 0xff, 0x6c, 0x03, 0xff, 0x6c, 0x03, 0xff,
  0x6c, 0x03, 0xff, 0x6c, 0x03, 0xff, 0x6c, 0x03, 0xff, 0x00, 0x00, 0x00, 0x00, 0x00, 0x00, 0x00, 0x00, 0x00, 0x00, 0x00, 0x00, 0x00, 0x00, 0x00,
  0x00, 0x00, 0x00, 0x00, 0x00, 0x00, 0x00, 0x00, 0x00, 0x00, 0x00, 0x00, 0x00, 0x00, 0x00, 0x00, 0x00, 0x00, 0x00, 0x00, 0x00, 0x00, 0x00, 0x00,
  0x00, 0x00, 0x00, 0x00, 0x00, 0x00, 0x00, 0x00, 0x00, 0x00, 0x00, 0x00, 0x00, 0x00, 0x00, 0x00, 0x00, 0x00, 0x00, 0x00, 0x00, 0x00, 0x00, 0x00,
  0x00, 0x00, 0x00, 0x00, 0x00, 0x00, 0x00, 0x00, 0x00, 0x00, 0x00, 0x00, 0x00, 0x00, 0x00, 0x00, 0x00, 0x00, 0x00, 0x00, 0x00, 0x00, 0x00, 0x00,
  0x00, 0x00, 0x00, 0x00, 0x00, 0x00, 0x00, 0x00, 0x00, 0x00, 0x00, 0x00, 0x00, 0x00, 0x00, 0xaa, 0x02, 0xc0, 0x6c, 0x03, 0xff, 0x6c, 0x03, 0xff,
  0x6c, 0x03, 0xff, 0x6c, 0x03, 0xff, 0x6c, 0x03, 0xff, 0x6c, 0x03, 0xff, 0x6c, 0x03, 0xff, 0x6c, 0x03, 0xff, 0x6c, 0x03, 0xff, 0x6c, 0x03, 0xff,
  0x6c, 0x03, 0xff, 0x6c, 0x03, 0xff, 0x6c, 0x03, 0xff, 0x6c, 0x03, 0xff, 0x6c, 0x03, 0xff, 0x6c, 0x03, 0xff, 0x6c, 0x03, 0xff, 0x6c, 0x03, 0xff,
  0x6c, 0x03, 0xff, 0x6c, 0x03, 0xff, 0x6c, 0x03, 0xff, 0x6c, 0x03, 0xff, 0x6c, 0x03, 0xff, 0x6c, 0x03, 0xff, 0x6c, 0x03, 0xff, 0x6c, 0x03, 0xff,
  0x6c, 0x03, 0xff, 0x6c, 0x03, 0xff, 0x6c, 0x03, 0xff, 0x6c, 0x03, 0xff, 0x6c, 0x03, 0xff, 0x6c, 0x03, 0xff, 0x6c, 0x03, 0xff, 0x6c, 0x03, 0xff,
  0x6c, 0x03, 0xff, 0x6c, 0x03, 0xff, 0x6c, 0x03, 0xff, 0x6c, 0x03, 0xff, 0x6c, 0x03, 0xff, 0x6c, 0x03, 0xff, 0x6c, 0x03, 0xff, 0x6c, 0x03, 0xff,
  0x6c, 0x03, 0xff, 0x6c, 0x03, 0xff, 0x6c, 0x03, 0xff, 0x6c, 0x03, 0xff, 0x6c, 0x03, 0xff, 0x6c, 0x03, 0xff, 0x6c, 0x03, 0xff, 0x6c, 0x03, 0xff,
  0x6c, 0x03, 0xff, 0x6c, 0x03, 0xff, 0x6c, 0x03, 0xff, 0x6c, 0x03, 0xff, 0x6c, 0x03, 0xff, 0x6c, 0x03, 0xff, 0x6c, 0x03, 0xff, 0x6c, 0x03, 0xff,
  0x6c, 0x03, 0xff, 0x6c, 0x03, 0xff, 0x6c, 0x03, 0xff, 0x00, 0x00, 0x00, 0x00, 0x00, 0x00, 0x00, 0x00, 0x00, 0x00, 0x00, 0x00, 0x00, 0x00, 0x00,
  0x00, 0x00, 0x00, 0x00, 0x00, 0x00, 0x00, 0x00, 0x00, 0x00, 0x00, 0x00, 0x00, 0x00, 0x00, 0x00, 0x00, 0x00, 0x00, 0x00, 0x00, 0x00, 0x00, 0x00,
  0x00, 0x00, 0x00, 0x00, 0x00, 0x00, 0x00, 0x00, 0x00, 0x00, 0x00, 0x00, 0x00, 0x00, 0x00, 0x00, 0x00, 0x00, 0x00, 0x00, 0x00, 0x00, 0x00, 0x00,
  0x00, 0x00, 0x00, 0x00, 0x00, 0x00, 0x00, 0x00, 0x00, 0x00, 0x00, 0x00, 0x00, 0x00, 0x00, 0x00, 0x00, 0x00, 0x00, 0x00, 0x00, 0x00, 0x00, 0x00,
  0x00, 0x00, 0x00, 0x00, 0x00, 0x00, 0x00, 0x00, 0x00, 0x00, 0x00, 0x00, 0x00, 0x00, 0x00, 0xaa, 0x02, 0xbc, 0x6c, 0x03, 0xff, 0x6c, 0x03, 0xff,
  0x6c, 0x03, 0xff, 0x6c, 0x03, 0xff, 0x6c, 0x03, 0xff, 0x6c, 0x03, 0xff, 0x6c, 0x03, 0xff, 0x6c, 0x03, 0xff, 0x6c, 0x03, 0xff, 0x6c, 0x03, 0xff,
  0x6c, 0x03, 0xff, 0x6c, 0x03, 0xff, 0x6c, 0x03, 0xff, 0x6c, 0x03, 0xff, 0x6c, 0x03, 0xff, 0x6c, 0x03, 0xff, 0x6c, 0x03, 0xff, 0x6c, 0x03, 0xff,
  0x6c, 0x03, 0xff, 0x6c, 0x03, 0xff, 0x6c, 0x03, 0xff, 0x6c, 0x03, 0xff, 0x6c, 0x03, 0xff, 0x6c, 0x03, 0xff, 0x6c, 0x03, 0xff, 0x6c, 0x03, 0xff,
  0x6c, 0x03, 0xff, 0x6c, 0x03, 0xff, 0x6c, 0x03, 0xff, 0x6c, 0x03, 0xff, 0x6c, 0x03, 0xff, 0x6c, 0x03, 0xff, 0x6c, 0x03, 0xff, 0x6c, 0x03, 0xff,
  0x6c, 0x03, 0xff, 0x6c, 0x03, 0xff, 0x6c, 0x03, 0xff, 0x6c, 0x03, 0xff, 0x6c, 0x03, 0xff, 0x6c, 0x03, 0xff, 0x6c, 0x03, 0xff, 0x6c, 0x03, 0xff,
  0x6c, 0x03, 0xff, 0x6c, 0x03, 0xff, 0x6c, 0x03, 0xff, 0x6c, 0x03, 0xff, 0x6c, 0x03, 0xff, 0x6c, 0x03, 0xff, 0x6c, 0x03, 0xff, 0x6c, 0x03, 0xff,
  0x6c, 0x03, 0xff, 0x6c, 0x03, 0xff, 0x6c, 0x03, 0xff, 0x6c, 0x03, 0xff, 0x6c, 0x03, 0xff, 0x6c, 0x03, 0xff, 0x6c, 0x03, 0xff, 0x6c, 0x03, 0xff,
  0x6c, 0x03, 0xff, 0x6c, 0x03, 0xff, 0x4c, 0x03, 0xff, 0x00, 0x00, 0x00, 0x00, 0x00, 0x00, 0x00, 0x00, 0x00, 0x00, 0x00, 0x00, 0x00, 0x00, 0x00,
  0x00, 0x00, 0x00, 0x00, 0x00, 0x00, 0x00, 0x00, 0x00, 0x00, 0x00, 0x00, 0x00, 0x00, 0x00, 0x00, 0x00, 0x00, 0x00, 0x00, 0x00, 0x00, 0x00, 0x00,
  0x00, 0x00, 0x00, 0x00, 0x00, 0x00, 0x00, 0x00, 0x00, 0x00, 0x00, 0x00, 0x00, 0x00, 0x00, 0x00, 0x00, 0x00, 0x00, 0x00, 0x00, 0x00, 0x00, 0x00,
  0x00, 0x00, 0x00, 0x00, 0x00, 0x00, 0x00, 0x00, 0x00, 0x00, 0x00, 0x00, 0x00, 0x00, 0x00, 0x00, 0x00, 0x00, 0x00, 0x00, 0x00, 0x00, 0x00, 0x00,
  0x00, 0x00, 0x00, 0x00, 0x00, 0x00, 0x00, 0x00, 0x00, 0x00, 0x00, 0x00, 0x00, 0x00, 0x00, 0x8a, 0x0a, 0xb4, 0x6c, 0x03, 0xff, 0x6c, 0x03, 0xff,
  0x6c, 0x03, 0xff, 0x6c, 0x03, 0xff, 0x6c, 0x03, 0xff, 0x6c, 0x03, 0xff, 0x6c, 0x03, 0xff, 0x6c, 0x03, 0xff, 0x6c, 0x03, 0xff, 0x6c, 0x03, 0xff,
  0x6c, 0x03, 0xff, 0x6c, 0x03, 0xff, 0x6c, 0x03, 0xff, 0x6c, 0x03, 0xff, 0x6c, 0x03, 0xff, 0x6c, 0x03, 0xff, 0x6c, 0x03, 0xff, 0x6c, 0x03, 0xff,
  0x6c, 0x03, 0xff, 0x6c, 0x03, 0xff, 0x6c, 0x03, 0xff, 0x6c, 0x03, 0xff, 0x6c, 0x03, 0xff, 0x6c, 0x03, 0xff, 0x6c, 0x03, 0xff, 0x6c, 0x03, 0xff,
  0x6c, 0x03, 0xff, 0x6c, 0x03, 0xff, 0x6c, 0x03, 0xff, 0x6c, 0x03, 0xff, 0x6c, 0x03, 0xff, 0x6c, 0x03, 0xff, 0x6c, 0x03, 0xff, 0x6c, 0x03, 0xff,
  0x6c, 0x03, 0xff, 0x6c, 0x03, 0xff, 0x6c, 0x03, 0xff, 0x6c, 0x03, 0xff, 0x6c, 0x03, 0xff, 0x6c, 0x03, 0xff, 0x6c, 0x03, 0xff, 0x6c, 0x03, 0xff,
  0x6c, 0x03, 0xff, 0x6c, 0x03, 0xff, 0x6c, 0x03, 0xff, 0x6c, 0x03, 0xff, 0x6c, 0x03, 0xff, 0x6c, 0x03, 0xff, 0x6c, 0x03, 0xff, 0x6c, 0x03, 0xff,
  0x6c, 0x03, 0xff, 0x6c, 0x03, 0xff, 0x6c, 0x03, 0xff, 0x6c, 0x03, 0xff, 0x6c, 0x03, 0xff, 0x6c, 0x03, 0xff, 0x6c, 0x03, 0xff, 0x6c, 0x03, 0xff,
  0x6c, 0x03, 0xff, 0x6c, 0x03, 0xff, 0x2c, 0x03, 0xff, 0x00, 0x00, 0x00, 0x00, 0x00, 0x00, 0x00, 0x00, 0x00, 0x00, 0x00, 0x00, 0x00, 0x00, 0x00,
  0x00, 0x00, 0x00, 0x00, 0x00, 0x00, 0x00, 0x00, 0x00, 0x00, 0x00, 0x00, 0x00, 0x00, 0x00, 0x00, 0x00, 0x00, 0x00, 0x00, 0x00, 0x00, 0x00, 0x00,
  0x00, 0x00, 0x00, 0x00, 0x00, 0x00, 0x00, 0x00, 0x00, 0x00, 0x00, 0x00, 0x00, 0x00, 0x00, 0x00, 0x00, 0x00, 0x00, 0x00, 0x00, 0x00, 0x00, 0x00,
  0x00, 0x00, 0x00, 0x00, 0x00, 0x00, 0x00, 0x00, 0x00, 0x00, 0x00, 0x00, 0x00, 0x00, 0x00, 0x00, 0x00, 0x00, 0x00, 0x00, 0x00, 0x00, 0x00, 0x00,
  0x00, 0x00, 0x00, 0x00, 0x00, 0x00, 0x00, 0x00, 0x00, 0x00, 0x00, 0x00, 0x00, 0x00, 0x00, 0x49, 0x0a, 0xa2, 0x6c, 0x03, 0xff, 0x6c, 0x03, 0xff,
  0x6c, 0x03, 0xff, 0x6c, 0x03, 0xff, 0x6c, 0x03, 0xff, 0x6c, 0x03, 0xff, 0x6c, 0x03, 0xff, 0x6c, 0x03, 0xff, 0x6c, 0x03, 0xff, 0x6c, 0x03, 0xff,
  0x6c, 0x03, 0xff, 0x6c, 0x03, 0xff, 0x6c, 0x03, 0xff, 0x6c, 0x03, 0xff, 0x6c, 0x03, 0xff, 0x6c, 0x03, 0xff, 0x6c, 0x03, 0xff, 0x6c, 0x03, 0xff,
  0x6c, 0x03, 0xff, 0x6c, 0x03, 0xff, 0x6c, 0x03, 0xff, 0x6c, 0x03, 0xff, 0x6c, 0x03, 0xff, 0x6c, 0x03, 0xff, 0x6c, 0x03, 0xff, 0x6c, 0x03, 0xff,
  0x6c, 0x03, 0xff, 0x6c, 0x03, 0xff, 0x6c, 0x03, 0xff, 0x6c, 0x03, 0xff, 0x6c, 0x03, 0xff, 0x6c, 0x03, 0xff, 0x6c, 0x03, 0xff, 0x6c, 0x03, 0xff,
  0x6c, 0x03, 0xff, 0x6c, 0x03, 0xff, 0x6c, 0x03, 0xff, 0x6c, 0x03, 0xff, 0x6c, 0x03, 0xff, 0x6c, 0x03, 0xff, 0x6c, 0x03, 0xff, 0x6c, 0x03, 0xff,
  0x6c, 0x03, 0xff, 0x6c, 0x03, 0xff, 0x6c, 0x03, 0xff, 0x6c, 0x03, 0xff, 0x6c, 0x03, 0xff, 0x6c, 0x03, 0xff, 0x6c, 0x03, 0xff, 0x6c, 0x03, 0xff,
  0x6c, 0x03, 0xff, 0x6c, 0x03, 0xff, 0x6c, 0x03, 0xff, 0x6c, 0x03, 0xff, 0x6c, 0x03, 0xff, 0x6c, 0x03, 0xff, 0x6c, 0x03, 0xff, 0x6c, 0x03, 0xff,
  0x6c, 0x03, 0xff, 0x6c, 0x03, 0xff, 0xeb, 0x02, 0xff, 0x00, 0x00, 0x00, 0x00, 0x00, 0x00, 0x00, 0x00, 0x00, 0x00, 0x00, 0x00, 0x00, 0x00, 0x00,
  0x00, 0x00, 0x00, 0x00, 0x00, 0x00, 0x00, 0x00, 0x00, 0x00, 0x00, 0x00, 0x00, 0x00, 0x00, 0x00, 0x00, 0x00, 0x00, 0x00, 0x00, 0x00, 0x00, 0x00,
  0x00, 0x00, 0x00, 0x00, 0x00, 0x00, 0x00, 0x00, 0x00, 0x00, 0x00, 0x00, 0x00, 0x00, 0x00, 0x00, 0x00, 0x00, 0x00, 0x00, 0x00, 0x00, 0x00, 0x00,
  0x00, 0x00, 0x00, 0x00, 0x00, 0x00, 0x00, 0x00, 0x00, 0x00, 0x00, 0x00, 0x00, 0x00, 0x00, 0x00, 0x00, 0x00, 0x00, 0x00, 0x00, 0x00, 0x00, 0x00,
  0x00, 0x00, 0x00, 0x00, 0x00, 0x00, 0x00, 0x00, 0x00, 0x00, 0x00, 0x00, 0x00, 0x00, 0x00, 0xa7, 0x11, 0x86, 0x4c, 0x03, 0xff, 0x6c, 0x03, 0xff,
  0x6c, 0x03, 0xff, 0x6c, 0x03, 0xff, 0x6c, 0x03, 0xff, 0x6c, 0x03, 0xff, 0x6c, 0x03, 0xff, 0x6c, 0x03, 0xff, 0x6c, 0x03, 0xff, 0x6c, 0x03, 0xff,
  0x6c, 0x03, 0xff, 0x6c, 0x03, 0xff, 0x6c, 0x03, 0xff, 0x6c, 0x03, 0xff, 0x6c, 0x03, 0xff, 0x6c, 0x03, 0xff, 0x6c, 0x03, 0xff, 0x6c, 0x03, 0xff,
  0x6c, 0x03, 0xff, 0x6c, 0x03, 0xff, 0x6c, 0x03, 0xff, 0x6c, 0x03, 0xff, 0x6c, 0x03, 0xff, 0x6c, 0x03, 0xff, 0x6c, 0x03, 0xff, 0x6c, 0x03, 0xff,
  0x6c, 0x03, 0xff, 0x6c, 0x03, 0xff, 0x6c, 0x03, 0xff, 0x6c, 0x03, 0xff, 0x6c, 0x03, 0xff, 0x6c, 0x03, 0xff, 0x6c, 0x03, 0xff, 0x6c, 0x03, 0xff,
  0x6c, 0x03, 0xff, 0x6c, 0x03, 0xff, 0x6c, 0x03, 0xff, 0x6c, 0x03, 0xff, 0x6c, 0x03, 0xff, 0x6c, 0x03, 0xff, 0x6c, 0x03, 0xff, 0x6c, 0x03, 0xff,
  0x6c, 0x03, 0xff, 0x6c, 0x03, 0xff, 0x6c, 0x03, 0xff, 0x6c, 0x03, 0xff, 0x6c, 0x03, 0xff, 0x6c, 0x03, 0xff, 0x6c, 0x03, 0xff, 0x6c, 0x03, 0xff,
  0x6c, 0x03, 0xff, 0x6c, 0x03, 0xff, 0x6c, 0x03, 0xff, 0x6c, 0x03, 0xff, 0x6c, 0x03, 0xff, 0x6c, 0x03, 0xff, 0x6c, 0x03, 0xff, 0x6c, 0x03, 0xff,
  0x6c, 0x03, 0xff, 0x6c, 0x03, 0xff, 0x6a, 0x0a, 0xff, 0x00, 0x00, 0x00, 0x00, 0x00, 0x00, 0x00, 0x00, 0x00, 0x00, 0x00, 0x00, 0x00, 0x00, 0x00,
  0x00, 0x00, 0x00, 0x00, 0x00, 0x00, 0x00, 0x00, 0x00, 0x00, 0x00, 0x00, 0x00, 0x00, 0x00, 0x00, 0x00, 0x00, 0x00, 0x00, 0x00, 0x00, 0x00, 0x00,
  0x00, 0x00, 0x00, 0x00, 0x00, 0x00, 0x00, 0x00, 0x00, 0x00, 0x00, 0x00, 0x00, 0x00, 0x00, 0x00, 0x00, 0x00, 0x00, 0x00, 0x00, 0x00, 0x00, 0x00,
  0x00, 0x00, 0x00, 0x00, 0x00, 0x00, 0x00, 0x00, 0x00, 0x00, 0x00, 0x00, 0x00, 0x00, 0x00, 0x00, 0x00, 0x00, 0x00, 0x00, 0x00, 0x00, 0x00, 0x00,
  0x00, 0x00, 0x00, 0x00, 0x00, 0x00, 0x00, 0x00, 0x00, 0x00, 0x00, 0x00, 0x00, 0x00, 0x00, 0x66, 0x11, 0x80, 0xaa, 0x02, 0xff, 0x6c, 0x03, 0xff,
  0x6c, 0x03, 0xff, 0x6c, 0x03, 0xff, 0x6c, 0x03, 0xff, 0x6c, 0x03, 0xff, 0x6c, 0x03, 0xff, 0x6c, 0x03, 0xff, 0x6c, 0x03, 0xff, 0x6c, 0x03, 0xff,
  0x6c, 0x03, 0xff, 0x6c, 0x03, 0xff, 0x6c, 0x03, 0xff, 0x6c, 0x03, 0xff, 0x6c, 0x03, 0xff, 0x6c, 0x03, 0xff, 0x6c, 0x03, 0xff, 0x6c, 0x03, 0xff,
  0x6c, 0x03, 0xff, 0x6c, 0x03, 0xff, 0x6c, 0x03, 0xff, 0x6c, 0x03, 0xff, 0x6c, 0x03, 0xff, 0x6c, 0x03, 0xff, 0x6c, 0x03, 0xff, 0x6c, 0x03, 0xff,
  0x6c, 0x03, 0xff, 0x6c, 0x03, 0xff, 0x6c, 0x03, 0xff, 0x6c, 0x03, 0xff, 0x6c, 0x03, 0xff, 0x6c, 0x03, 0xff, 0x6c, 0x03, 0xff, 0x6c, 0x03, 0xff,
  0x6c, 0x03, 0xff, 0x6c, 0x03, 0xff, 0x6c, 0x03, 0xff, 0x6c, 0x03, 0xff, 0x6c, 0x03, 0xff, 0x6c, 0x03, 0xff, 0x6c, 0x03, 0xff, 0x6c, 0x03, 0xff,
  0x6c, 0x03, 0xff, 0x6c, 0x03, 0xff, 0x6c, 0x03, 0xff, 0x6c, 0x03, 0xff, 0x6c, 0x03, 0xff, 0x6c, 0x03, 0xff, 0x6c, 0x03, 0xff, 0x6c, 0x03, 0xff,
  0x6c, 0x03, 0xff, 0x6c, 0x03, 0xff, 0x6c, 0x03, 0xff, 0x6c, 0x03, 0xff, 0x6c, 0x03, 0xff, 0x6c, 0x03, 0xff, 0x6c, 0x03, 0xff, 0x6c, 0x03, 0xff,
  0x6c, 0x03, 0xff, 0x4c, 0x03, 0xff, 0xa7, 0x11, 0xff, 0x00, 0x00, 0x00, 0x00, 0x00, 0x00, 0x00, 0x00, 0x00, 0x00, 0x00, 0x00, 0x00, 0x00, 0x00,
  0x00, 0x00, 0x00, 0x00, 0x00, 0x00, 0x00, 0x00, 0x00, 0x00, 0x00, 0x00, 0x00, 0x00, 0x00, 0x00, 0x00, 0x00, 0x00, 0x00, 0x00, 0x00, 0x00, 0x00,
  0x00, 0x00, 0x00, 0x00, 0x00, 0x00, 0x00, 0x00, 0x00, 0x00, 0x00, 0x00, 0x00, 0x00, 0x00, 0x00, 0x00, 0x00, 0x00, 0x00, 0x00, 0x00, 0x00, 0x00,
  0x00, 0x00, 0x00, 0x00, 0x00, 0x00, 0x00, 0x00, 0x00, 0x00, 0x00, 0x00, 0x00, 0x00, 0x00, 0x00, 0x00, 0x00, 0x00, 0x00, 0x00, 0x00, 0x00, 0x00,
  0x00, 0x00, 0x00, 0x00, 0x00, 0x00, 0x00, 0x00, 0x00, 0x00, 0x00, 0x00, 0x00, 0x00, 0x00, 0x66, 0x11, 0x7f, 0xa7, 0x11, 0xff, 0x4c, 0x03, 0xff,
  0x6c, 0x03, 0xff, 0x6c, 0x03, 0xff, 0x6c, 0x03, 0xff, 0x6c, 0x03, 0xff, 0x6c, 0x03, 0xff, 0x6c, 0x03, 0xff, 0x6c, 0x03, 0xff, 0x6c, 0x03, 0xff,
  0x6c, 0x03, 0xff, 0x6c, 0x03, 0xff, 0x6c, 0x03, 0xff, 0x6c, 0x03, 0xff, 0x6c, 0x03, 0xff, 0x6c, 0x03, 0xff, 0x6c, 0x03, 0xff, 0x6c, 0x03, 0xff,
  0x6c, 0x03, 0xff, 0x6c, 0x03, 0xff, 0x6c, 0x03, 0xff, 0x6c, 0x03, 0xff, 0x6c, 0x03, 0xff, 0x6c, 0x03, 0xff, 0x6c, 0x03, 0xff, 0x6c, 0x03, 0xff,
  0x6c, 0x03, 0xff, 0x6c, 0x03, 0xff, 0x6c, 0x03, 0xff, 0x6c, 0x03, 0xff, 0x6c, 0x03, 0xff, 0x6c, 0x03, 0xff, 0x6c, 0x03, 0xff, 0x6c, 0x03, 0xff,
  0x6c, 0x03, 0xff, 0x6c, 0x03, 0xff, 0x6c, 0x03, 0xff, 0x6c, 0x03, 0xff, 0x6c, 0x03, 0xff, 0x6c, 0x03, 0xff, 0x6c, 0x03, 0xff, 0x6c, 0x03, 0xff,
  0x6c, 0x03, 0xff, 0x6c, 0x03, 0xff, 0x6c, 0x03, 0xff, 0x6c, 0x03, 0xff, 0x6c, 0x03, 0xff, 0x6c, 0x03, 0xff, 0x6c, 0x03, 0xff, 0x6c, 0x03, 0xff,
  0x6c, 0x03, 0xff, 0x6c, 0x03, 0xff, 0x6c, 0x03, 0xff, 0x6c, 0x03, 0xff, 0x6c, 0x03, 0xff, 0x6c, 0x03, 0xff, 0x6c, 0x03, 0xff, 0x6c, 0x03, 0xff,
  0x6c, 0x03, 0xff, 0x8a, 0x0a, 0xff, 0x66, 0x11, 0xfe, 0x00, 0x00, 0x00, 0x00, 0x00, 0x00, 0x00, 0x00, 0x00, 0x00, 0x00, 0x00, 0x00, 0x00, 0x00,
  0x00, 0x00, 0x00, 0x00, 0x00, 0x00, 0x00, 0x00, 0x00, 0x00, 0x00, 0x00, 0x00, 0x00, 0x00, 0x00, 0x00, 0x00, 0x00, 0x00, 0x00, 0x00, 0x00, 0x00,
  0x00, 0x00, 0x00, 0x00, 0x00, 0x00, 0x00, 0x00, 0x00, 0x00, 0x00, 0x00, 0x00, 0x00, 0x00, 0x00, 0x00, 0x00, 0x00, 0x00, 0x00, 0x00, 0x00, 0x00,
  0x00, 0x00, 0x00, 0x00, 0x00, 0x00, 0x00, 0x00, 0x00, 0x00, 0x00, 0x00, 0x00, 0x00, 0x00, 0x00, 0x00, 0x00, 0x00, 0x00, 0x00, 0x00, 0x00, 0x00,
  0x00, 0x00, 0x00, 0x00, 0x00, 0x00, 0x00, 0x00, 0x00, 0x00, 0x00, 0x00, 0x00, 0x00, 0x00, 0x66, 0x11, 0x73, 0x66, 0x11, 0xff, 0xe8, 0x09, 0xff,
  0x4c, 0x03, 0xff, 0x6c, 0x03, 0xff, 0x6c, 0x03, 0xff, 0x6c, 0x03, 0xff, 0x6c, 0x03, 0xff, 0x6c, 0x03, 0xff, 0x6c, 0x03, 0xff, 0x6c, 0x03, 0xff,
  0x6c, 0x03, 0xff, 0x6c, 0x03, 0xff, 0x6c, 0x03, 0xff, 0x6c, 0x03, 0xff, 0x6c, 0x03, 0xff, 0x6c, 0x03, 0xff, 0x6c, 0x03, 0xff, 0x6c, 0x03, 0xff,
  0x6c, 0x03, 0xff, 0x6c, 0x03, 0xff, 0x6c, 0x03, 0xff, 0x6c, 0x03, 0xff, 0x6c, 0x03, 0xff, 0x6c, 0x03, 0xff, 0x6c, 0x03, 0xff, 0x6c, 0x03, 0xff,
  0x6c, 0x03, 0xff, 0x6c, 0x03, 0xff, 0x6c, 0x03, 0xff, 0x6c, 0x03, 0xff, 0x6c, 0x03, 0xff, 0x6c, 0x03, 0xff, 0x6c, 0x03, 0xff, 0x6c, 0x03, 0xff,
  0x6c, 0x03, 0xff, 0x6c, 0x03, 0xff, 0x6c, 0x03, 0xff, 0x6c, 0x03, 0xff, 0x6c, 0x03, 0xff, 0x6c, 0x03, 0xff, 0x6c, 0x03, 0xff, 0x6c, 0x03, 0xff,
  0x6c, 0x03, 0xff, 0x6c, 0x03, 0xff, 0x6c, 0x03, 0xff, 0x6c, 0x03, 0xff, 0x6c, 0x03, 0xff, 0x6c, 0x03, 0xff, 0x6c, 0x03, 0xff, 0x6c, 0x03, 0xff,
  0x6c, 0x03, 0xff, 0x6c, 0x03, 0xff, 0x6c, 0x03, 0xff, 0x6c, 0x03, 0xff, 0x6c, 0x03, 0xff, 0x6c, 0x03, 0xff, 0x6c, 0x03, 0xff, 0x6c, 0x03, 0xff,
  0xaa, 0x02, 0xff, 0x66, 0x11, 0xff, 0x66, 0x11, 0xf2, 0x00, 0x00, 0x00, 0x00, 0x00, 0x00, 0x00, 0x00, 0x00, 0x00, 0x00, 0x00, 0x00, 0x00, 0x00,
  0x00, 0x00, 0x00, 0x00, 0x00, 0x00, 0x00, 0x00, 0x00, 0x00, 0x00, 0x00, 0x00, 0x00, 0x00, 0x00, 0x00, 0x00, 0x00, 0x00, 0x00, 0x00, 0x00, 0x00,
  0x00, 0x00, 0x00, 0x00, 0x00, 0x00, 0x00, 0x00, 0x00, 0x00, 0x00, 0x00, 0x00, 0x00, 0x00, 0x00, 0x00, 0x00, 0x00, 0x00, 0x00, 0x00, 0x00, 0x00,
  0x00, 0x00, 0x00, 0x00, 0x00, 0x00, 0x00, 0x00, 0x00, 0x00, 0x00, 0x00, 0x00, 0x00, 0x00, 0x00, 0x00, 0x00, 0x00, 0x00, 0x00, 0x00, 0x00, 0x00,
  0x00, 0x00, 0x00, 0x00, 0x00, 0x00, 0x00, 0x00, 0x00, 0x00, 0x00, 0x00, 0x00, 0x00, 0x00, 0x66, 0x11, 0x60, 0x66, 0x11, 0xff, 0x66, 0x11, 0xff,
  0x87, 0x11, 0xff, 0x8a, 0x0a, 0xff, 0x4c, 0x03, 0xff, 0x6c, 0x03, 0xff, 0x6c, 0x03, 0xff, 0x6c, 0x03, 0xff, 0x6c, 0x03, 0xff, 0x6c, 0x03, 0xff,
  0x6c, 0x03, 0xff, 0x6c, 0x03, 0xff, 0x6c, 0x03, 0xff, 0x6c, 0x03, 0xff, 0x6c, 0x03, 0xff, 0x6c, 0x03, 0xff, 0x6c, 0x03, 0xff, 0x6c, 0x03, 0xff,
  0x6c, 0x03, 0xff, 0x6c, 0x03, 0xff, 0x6c, 0x03, 0xff, 0x6c, 0x03, 0xff, 0x6c, 0x03, 0xff, 0x6c, 0x03, 0xff, 0x6c, 0x03, 0xff, 0x6c, 0x03, 0xff,
  0x6c, 0x03, 0xff, 0x6c, 0x03, 0xff, 0x6c, 0x03, 0xff, 0x6c, 0x03, 0xff, 0x6c, 0x03, 0xff, 0x6c, 0x03, 0xff, 0x6c, 0x03, 0xff, 0x6c, 0x03, 0xff,
  0x6c, 0x03, 0xff, 0x6c, 0x03, 0xff, 0x6c, 0x03, 0xff, 0x6c, 0x03, 0xff, 0x6c, 0x03, 0xff, 0x6c, 0x03, 0xff, 0x6c, 0x03, 0xff, 0x6c, 0x03, 0xff,
  0x6c, 0x03, 0xff, 0x6c, 0x03, 0xff, 0x6c, 0x03, 0xff, 0x6c, 0x03, 0xff, 0x6c, 0x03, 0xff, 0x6c, 0x03, 0xff, 0x6c, 0x03, 0xff, 0x6c, 0x03, 0xff,
  0x6c, 0x03, 0xff, 0x6c, 0x03, 0xff, 0x6c, 0x03, 0xff, 0x6c, 0x03, 0xff, 0x6c, 0x03, 0xff, 0x4c, 0x03, 0xff, 0xeb, 0x02, 0xff, 0x08, 0x0a, 0xff,
  0x66, 0x11, 0xff, 0x66, 0x11, 0xff, 0x66, 0x11, 0xdf, 0x00, 0x00, 0x00, 0x00, 0x00, 0x00, 0x00, 0x00, 0x00, 0x00, 0x00, 0x00, 0x00, 0x00, 0x00,
  0x00, 0x00, 0x00, 0x00, 0x00, 0x00, 0x00, 0x00, 0x00, 0x00, 0x00, 0x00, 0x00, 0x00, 0x00, 0x00, 0x00, 0x00, 0x00, 0x00, 0x00, 0x00, 0x00, 0x00,
  0x00, 0x00, 0x00, 0x00, 0x00, 0x00, 0x00, 0x00, 0x00, 0x00, 0x00, 0x00, 0x00, 0x00, 0x00, 0x00, 0x00, 0x00, 0x00, 0x00, 0x00, 0x00, 0x00, 0x00,
  0x00, 0x00, 0x00, 0x00, 0x00, 0x00, 0x00, 0x00, 0x00, 0x00, 0x00, 0x00, 0x00, 0x00, 0x00, 0x00, 0x00, 0x00, 0x00, 0x00, 0x00, 0x00, 0x00, 0x00,
  0x00, 0x00, 0x00, 0x00, 0x00, 0x00, 0x00, 0x00, 0x00, 0x00, 0x00, 0x00, 0x00, 0x00, 0x00, 0x66, 0x11, 0x2e, 0x66, 0x11, 0xff, 0x66, 0x11, 0xff,
  0x66, 0x11, 0xff, 0x66, 0x11, 0xff, 0x66, 0x11, 0xff, 0xc7, 0x11, 0xff, 0xe8, 0x09, 0xff, 0x29, 0x0a, 0xff, 0x29, 0x0a, 0xff, 0x29, 0x0a, 0xff,
  0x29, 0x0a, 0xff, 0x29, 0x0a, 0xff, 0x29, 0x0a, 0xff, 0x29, 0x0a, 0xff, 0x29, 0x0a, 0xff, 0x29, 0x0a, 0xff, 0x29, 0x0a, 0xff, 0x29, 0x0a, 0xff,
  0x29, 0x0a, 0xff, 0x29, 0x0a, 0xff, 0x29, 0x0a, 0xff, 0x29, 0x0a, 0xff, 0x29, 0x0a, 0xff, 0x29, 0x0a, 0xff, 0x29, 0x0a, 0xff, 0x29, 0x0a, 0xff,
  0x29, 0x0a, 0xff, 0x29, 0x0a, 0xff, 0x29, 0x0a, 0xff, 0x29, 0x0a, 0xff, 0x29, 0x0a, 0xff, 0x29, 0x0a, 0xff, 0x29, 0x0a, 0xff, 0x29, 0x0a, 0xff,
  0x29, 0x0a, 0xff, 0x29, 0x0a, 0xff, 0x29, 0x0a, 0xff, 0x29, 0x0a, 0xff, 0x29, 0x0a, 0xff, 0x29, 0x0a, 0xff, 0x29, 0x0a, 0xff, 0x29, 0x0a, 0xff,
  0x29, 0x0a, 0xff, 0x29, 0x0a, 0xff, 0x29, 0x0a, 0xff, 0x29, 0x0a, 0xff, 0x29, 0x0a, 0xff, 0x29, 0x0a, 0xff, 0x29, 0x0a, 0xff, 0x29, 0x0a, 0xff,
  0x29, 0x0a, 0xff, 0x29, 0x0a, 0xff, 0x29, 0x0a, 0xff, 0x08, 0x0a, 0xff, 0xe8, 0x09, 0xff, 0x87, 0x11, 0xff, 0x66, 0x11, 0xff, 0x66, 0x11, 0xff,
  0x66, 0x11, 0xff, 0x66, 0x11, 0xff, 0x66, 0x11, 0xad, 0x00, 0x00, 0x00, 0x00, 0x00, 0x00, 0x00, 0x00, 0x00, 0x00, 0x00, 0x00, 0x00, 0x00, 0x00,
  0x00, 0x00, 0x00, 0x00, 0x00, 0x00, 0x00, 0x00, 0x00, 0x00, 0x00, 0x00, 0x00, 0x00, 0x00, 0x00, 0x00, 0x00, 0x00, 0x00, 0x00, 0x00, 0x00, 0x00,
  0x00, 0x00, 0x00, 0x00, 0x00, 0x00, 0x00, 0x00, 0x00, 0x00, 0x00, 0x00, 0x00, 0x00, 0x00, 0x00, 0x00, 0x00, 0x00, 0x00, 0x00, 0x00, 0x00, 0x00,
  0x00, 0x00, 0x00, 0x00, 0x00, 0x00, 0x00, 0x00, 0x00, 0x00, 0x00, 0x00, 0x00, 0x00, 0x00, 0x00, 0x00, 0x00, 0x00, 0x00, 0x00, 0x00, 0x00, 0x00,
  0x00, 0x00, 0x00, 0x00, 0x00, 0x00, 0x00, 0x00, 0x00, 0x00, 0x00, 0x00, 0x00, 0x00, 0x00, 0x00, 0x00, 0x02, 0x66, 0x11, 0xe5, 0x66, 0x11, 0xff,
  0x66, 0x11, 0xff, 0x66, 0x11, 0xff, 0x66, 0x11, 0xff, 0x66, 0x11, 0xff, 0x66, 0x11, 0xff, 0x66, 0x11, 0xff, 0x66, 0x11, 0xff, 0x66, 0x11, 0xff,
  0x66, 0x11, 0xff, 0x66, 0x11, 0xff, 0x66, 0x11, 0xff, 0x66, 0x11, 0xff, 0x66, 0x11, 0xff, 0x66, 0x11, 0xff, 0x66, 0x11, 0xff, 0x66, 0x11, 0xff,
  0x66, 0x11, 0xff, 0x66, 0x11, 0xff, 0x66, 0x11, 0xff, 0x66, 0x11, 0xff, 0x66, 0x11, 0xff, 0x66, 0x11, 0xff, 0x66, 0x11, 0xff, 0x66, 0x11, 0xff,
  0x66, 0x11, 0xff, 0x66, 0x11, 0xff, 0x66, 0x11, 0xff, 0x66, 0x11, 0xff, 0x66, 0x11, 0xff, 0x66, 0x11, 0xff, 0x66, 0x11, 0xff, 0x66, 0x11, 0xff,
  0x66, 0x11, 0xff, 0x66, 0x11, 0xff, 0x66, 0x11, 0xff, 0x66, 0x11, 0xff, 0x66, 0x11, 0xff, 0x66, 0x11, 0xff, 0x66, 0x11, 0xff, 0x66, 0x11, 0xff,
  0x66, 0x11, 0xff, 0x66, 0x11, 0xff, 0x66, 0x11, 0xff, 0x66, 0x11, 0xff, 0x66, 0x11, 0xff, 0x66, 0x11, 0xff, 0x66, 0x11, 0xff, 0x66, 0x11, 0xff,
  0x66, 0x11, 0xff, 0x66, 0x11, 0xff, 0x66, 0x11, 0xff, 0x66, 0x11, 0xff, 0x66, 0x11, 0xff, 0x66, 0x11, 0xff, 0x66, 0x11, 0xff, 0x66, 0x11, 0xff,
  0x66, 0x11, 0xff, 0x66, 0x11, 0xff, 0x66, 0x11, 0x67, 0x00, 0x00, 0x00, 0x00, 0x00, 0x00, 0x00, 0x00, 0x00, 0x00, 0x00, 0x00, 0x00, 0x00, 0x00,
  0x00, 0x00, 0x00, 0x00, 0x00, 0x00, 0x00, 0x00, 0x00, 0x00, 0x00, 0x00, 0x00, 0x00, 0x00, 0x00, 0x00, 0x00, 0x00, 0x00, 0x00, 0x00, 0x00, 0x00,
  0x00, 0x00, 0x00, 0x00, 0x00, 0x00, 0x00, 0x00, 0x00, 0x00, 0x00, 0x00, 0x00, 0x00, 0x00, 0x00, 0x00, 0x00, 0x00, 0x00, 0x00, 0x00, 0x00, 0x00,
  0x00, 0x00, 0x00, 0x00, 0x00, 0x00, 0x00, 0x00, 0x00, 0x00, 0x00, 0x00, 0x00, 0x00, 0x00, 0x00, 0x00, 0x00, 0x00, 0x00, 0x00, 0x00, 0x00, 0x00,
  0x00, 0x00, 0x00, 0x00, 0x00, 0x00, 0x00, 0x00, 0x00, 0x00, 0x00, 0x00, 0x00, 0x00, 0x00, 0x00, 0x00, 0x00, 0x66, 0x11, 0x75, 0x66, 0x11, 0xff,
  0x66, 0x11, 0xff, 0x66, 0x11, 0xff, 0x66, 0x11, 0xff, 0x66, 0x11, 0xff, 0x66, 0x11, 0xff, 0x66, 0x11, 0xff, 0x66, 0x11, 0xff, 0x66, 0x11, 0xff,
  0x66, 0x11, 0xff, 0x66, 0x11, 0xff, 0x66, 0x11, 0xff, 0x66, 0x11, 0xff, 0x66, 0x11, 0xff, 0x66, 0x11, 0xff, 0x66, 0x11, 0xff, 0x66, 0x11, 0xff,
  0x66, 0x11, 0xff, 0x66, 0x11, 0xff, 0x66, 0x11, 0xff, 0x66, 0x11, 0xff, 0x66, 0x11, 0xff, 0x66, 0x11, 0xff, 0x66, 0x11, 0xff, 0x66, 0x11, 0xff,
  0x66, 0x11, 0xff, 0x66, 0x11, 0xff, 0x66, 0x11, 0xff, 0x66, 0x11, 0xff, 0x66, 0x11, 0xff, 0x66, 0x11, 0xff, 0x66, 0x11, 0xff, 0x66, 0x11, 0xff,
  0x66, 0x11, 0xff, 0x66, 0x11, 0xff, 0x66, 0x11, 0xff, 0x66, 0x11, 0xff, 0x66, 0x11, 0xff, 0x66, 0x11, 0xff, 0x66, 0x11, 0xff, 0x66, 0x11, 0xff,
  0x66, 0x11, 0xff, 0x66, 0x11, 0xff, 0x66, 0x11, 0xff, 0x66, 0x11, 0xff, 0x66, 0x11, 0xff, 0x66, 0x11, 0xff, 0x66, 0x11, 0xff, 0x66, 0x11, 0xff,
  0x66, 0x11, 0xff, 0x66, 0x11, 0xff, 0x66, 0x11, 0xff, 0x66, 0x11, 0xff, 0x66, 0x11, 0xff, 0x66, 0x11, 0xff, 0x66, 0x11, 0xff, 0x66, 0x11, 0xff,
  0x66, 0x11, 0xff, 0x66, 0x11, 0xea, 0x86, 0x19, 0x0a, 0x00, 0x00, 0x00, 0x00, 0x00, 0x00, 0x00, 0x00, 0x00, 0x00, 0x00, 0x00, 0x00, 0x00, 0x00,
  0x00, 0x00, 0x00, 0x00, 0x00, 0x00, 0x00, 0x00, 0x00, 0x00, 0x00, 0x00, 0x00, 0x00, 0x00, 0x00, 0x00, 0x00, 0x00, 0x00, 0x00, 0x00, 0x00, 0x00,
  0x00, 0x00, 0x00, 0x00, 0x00, 0x00, 0x00, 0x00, 0x00, 0x00, 0x00, 0x00, 0x00, 0x00, 0x00, 0x00, 0x00, 0x00, 0x00, 0x00, 0x00, 0x00, 0x00, 0x00,
  0x00, 0x00, 0x00, 0x00, 0x00, 0x00, 0x00, 0x00, 0x00, 0x00, 0x00, 0x00, 0x00, 0x00, 0x00, 0x00, 0x00, 0x00, 0x00, 0x00, 0x00, 0x00, 0x00, 0x00,
  0x00, 0x00, 0x00, 0x00, 0x00, 0x00, 0x00, 0x00, 0x00, 0x00, 0x00, 0x00, 0x00, 0x00, 0x00, 0x00, 0x00, 0x00, 0x86, 0x01, 0x05, 0x66, 0x11, 0xc2,
  0x66, 0x11, 0xff, 0x66, 0x11, 0xff, 0x66, 0x11, 0xff, 0x66, 0x11, 0xff, 0x66, 0x11, 0xff, 0x66, 0x11, 0xff, 0x66, 0x11, 0xff, 0x66, 0x11, 0xff,
  0x66, 0x11, 0xff, 0x66, 0x11, 0xff, 0x66, 0x11, 0xff, 0x66, 0x11, 0xff, 0x66, 0x11, 0xff, 0x66, 0x11, 0xff, 0x66, 0x11, 0xff, 0x66, 0x11, 0xff,
  0x66, 0x11, 0xff, 0x66, 0x11, 0xff, 0x66, 0x11, 0xff, 0x66, 0x11, 0xff, 0x66, 0x11, 0xff, 0x66, 0x11, 0xff, 0x66, 0x11, 0xff, 0x66, 0x11, 0xff,
  0x66, 0x11, 0xff, 0x66, 0x11, 0xff, 0x66, 0x11, 0xff, 0x66, 0x11, 0xff, 0x66, 0x11, 0xff, 0x66, 0x11, 0xff, 0x66, 0x11, 0xff, 0x66, 0x11, 0xff,
  0x66, 0x11, 0xff, 0x66, 0x11, 0xff, 0x66, 0x11, 0xff, 0x66, 0x11, 0xff, 0x66, 0x11, 0xff, 0x66, 0x11, 0xff, 0x66, 0x11, 0xff, 0x66, 0x11, 0xff,
  0x66, 0x11, 0xff, 0x66, 0x11, 0xff, 0x66, 0x11, 0xff, 0x66, 0x11, 0xff, 0x66, 0x11, 0xff, 0x66, 0x11, 0xff, 0x66, 0x11, 0xff, 0x66, 0x11, 0xff,
  0x66, 0x11, 0xff, 0x66, 0x11, 0xff, 0x66, 0x11, 0xff, 0x66, 0x11, 0xff, 0x66, 0x11, 0xff, 0x66, 0x11, 0xff, 0x66, 0x11, 0xff, 0x66, 0x11, 0xff,
  0x66, 0x11, 0xfd, 0x66, 0x11, 0x49, 0x00, 0x00, 0x00, 0x00, 0x00, 0x00, 0x00, 0x00, 0x00, 0x00, 0x00, 0x00, 0x00, 0x00, 0x00, 0x00, 0x00, 0x00,
  0x00, 0x00, 0x00, 0x00, 0x00, 0x00, 0x00, 0x00, 0x00, 0x00, 0x00, 0x00, 0x00, 0x00, 0x00, 0x00, 0x00, 0x00, 0x00, 0x00, 0x00, 0x00, 0x00, 0x00,
  0x00, 0x00, 0x00, 0x00, 0x00, 0x00, 0x00, 0x00, 0x00, 0x00, 0x00, 0x00, 0x00, 0x00, 0x00, 0x00, 0x00, 0x00, 0x00, 0x00, 0x00, 0x00, 0x00, 0x00,
  0x00, 0x00, 0x00, 0x00, 0x00, 0x00, 0x00, 0x00, 0x00, 0x00, 0x00, 0x00, 0x00, 0x00, 0x00, 0x00, 0x00, 0x00, 0x00, 0x00, 0x00, 0x00, 0x00, 0x00,
  0x00, 0x00, 0x00, 0x00, 0x00, 0x00, 0x00, 0x00, 0x00, 0x00, 0x00, 0x00, 0x00, 0x00, 0x00, 0x00, 0x00, 0x00, 0x00, 0x00, 0x00, 0x27, 0x11, 0x0d,
  0x66, 0x11, 0xa7, 0x66, 0x11, 0xff, 0x66, 0x11, 0xff, 0x66, 0x11, 0xff, 0x66, 0x11, 0xff, 0x66, 0x11, 0xff, 0x66, 0x11, 0xff, 0x66, 0x11, 0xff,
  0x66, 0x11, 0xff, 0x66, 0x11, 0xff, 0x66, 0x11, 0xff, 0x66, 0x11, 0xff, 0x66, 0x11, 0xff, 0x66, 0x11, 0xff, 0x66, 0x11, 0xff, 0x66, 0x11, 0xff,
  0x66, 0x11, 0xff, 0x66, 0x11, 0xff, 0x66, 0x11, 0xff, 0x66, 0x11, 0xff, 0x66, 0x11, 0xff, 0x66, 0x11, 0xff, 0x66, 0x11, 0xff, 0x66, 0x11, 0xff,
  0x66, 0x11, 0xff, 0x66, 0x11, 0xff, 0x66, 0x11, 0xff, 0x66, 0x11, 0xff, 0x66, 0x11, 0xff, 0x66, 0x11, 0xff, 0x66, 0x11, 0xff, 0x66, 0x11, 0xff,
  0x66, 0x11, 0xff, 0x66, 0x11, 0xff, 0x66, 0x11, 0xff, 0x66, 0x11, 0xff, 0x66, 0x11, 0xff, 0x66, 0x11, 0xff, 0x66, 0x11, 0xff, 0x66, 0x11, 0xff,
  0x66, 0x11, 0xff, 0x66, 0x11, 0xff, 0x66, 0x11, 0xff, 0x66, 0x11, 0xff, 0x66, 0x11, 0xff, 0x66, 0x11, 0xff, 0x66, 0x11, 0xff, 0x66, 0x11, 0xff,
  0x66, 0x11, 0xff, 0x66, 0x11, 0xff, 0x66, 0x11, 0xff, 0x66, 0x11, 0xff, 0x66, 0x11, 0xff, 0x66, 0x11, 0xff, 0x66, 0x11, 0xff, 0x66, 0x11, 0xea,
  0x66, 0x11, 0x49, 0x00, 0x00, 0x00, 0x00, 0x00, 0x00, 0x00, 0x00, 0x00, 0x00, 0x00, 0x00, 0x00, 0x00, 0x00, 0x00, 0x00, 0x00, 0x00, 0x00, 0x00,
  0x00, 0x00, 0x00, 0x00, 0x00, 0x00, 0x00, 0x00, 0x00, 0x00, 0x00, 0x00, 0x00, 0x00, 0x00, 0x00, 0x00, 0x00, 0x00, 0x00, 0x00, 0x00, 0x00, 0x00,
  0x00, 0x00, 0x00, 0x00, 0x00, 0x00, 0x00, 0x00, 0x00, 0x00, 0x00, 0x00, 0x00, 0x00, 0x00, 0x00, 0x00, 0x00, 0x00, 0x00, 0x00, 0x00, 0x00, 0x00,
  0x00, 0x00, 0x00, 0x00, 0x00, 0x00, 0x00, 0x00, 0x00, 0x00, 0x00, 0x00, 0x00, 0x00, 0x00, 0x00, 0x00, 0x00, 0x00, 0x00, 0x00, 0x00, 0x00, 0x00,
  0x00, 0x00, 0x00, 0x00, 0x00, 0x00, 0x00, 0x00, 0x00, 0x00, 0x00, 0x00, 0x00, 0x00, 0x00, 0x00, 0x00, 0x00, 0x00, 0x00, 0x00, 0x00, 0x00, 0x00,
  0x00, 0x00, 0x00, 0x66, 0x11, 0x31, 0x66, 0x11, 0x90, 0x66, 0x11, 0xca, 0x66, 0x11, 0xea, 0x66, 0x11, 0xfb, 0x66, 0x11, 0xff, 0x66, 0x11, 0xff,
  0x66, 0x11, 0xff, 0x66, 0x11, 0xff, 0x66, 0x11, 0xff, 0x66, 0x11, 0xff, 0x66, 0x11, 0xff, 0x66, 0x11, 0xff, 0x66, 0x11, 0xff, 0x66, 0x11, 0xff,
  0x66, 0x11, 0xff, 0x66, 0x11, 0xff, 0x66, 0x11, 0xff, 0x66, 0x11, 0xff, 0x66, 0x11, 0xff, 0x66, 0x11, 0xff, 0x66, 0x11, 0xff, 0x66, 0x11, 0xff,
  0x66, 0x11, 0xff, 0x66, 0x11, 0xff, 0x66, 0x11, 0xff, 0x66, 0x11, 0xff, 0x66, 0x11, 0xff, 0x66, 0x11, 0xff, 0x66, 0x11, 0xff, 0x66, 0x11, 0xff,
  0x66, 0x11, 0xff, 0x66, 0x11, 0xff, 0x66, 0x11, 0xff, 0x66, 0x11, 0xff, 0x66, 0x11, 0xff, 0x66, 0x11, 0xff, 0x66, 0x11, 0xff, 0x66, 0x11, 0xff,
  0x66, 0x11, 0xff, 0x66, 0x11, 0xff, 0x66, 0x11, 0xff, 0x66, 0x11, 0xff, 0x66, 0x11, 0xff, 0x66, 0x11, 0xff, 0x66, 0x11, 0xff, 0x66, 0x11, 0xff,
  0x66, 0x11, 0xff, 0x66, 0x11, 0xff, 0x66, 0x11, 0xff, 0x66, 0x11, 0xf2, 0x66, 0x11, 0xdf, 0x66, 0x11, 0xaf, 0x66, 0x11, 0x67, 0x86, 0x19, 0x0a,
  0x00, 0x00, 0x00, 0x00, 0x00, 0x00, 0x00, 0x00, 0x00, 0x00, 0x00, 0x00, 0x00, 0x00, 0x00, 0x00, 0x00, 0x00, 0x00, 0x00, 0x00, 0x00, 0x00, 0x00,
  0x00, 0x00, 0x00, 0x00, 0x00, 0x00, 0x00, 0x00, 0x00, 0x00, 0x00, 0x00, 0x00, 0x00, 0x00, 0x00, 0x00, 0x00, 0x00, 0x00, 0x00, 0x00, 0x00, 0x00,
  0x00, 0x00, 0x00, 0x00, 0x00, 0x00, 0x00, 0x00, 0x00, 0x00, 0x00, 0x00, 0x00, 0x00, 0x00, 0x00, 0x00, 0x00, 0x00, 0x00, 0x00, 0x00, 0x00, 0x00,
  0x00, 0x00, 0x00, 0x00, 0x00, 0x00, 0x00, 0x00, 0x00, 0x00, 0x00, 0x00, 0x00, 0x00, 0x00, 0x00, 0x00, 0x00, 0x00, 0x00, 0x00, 0x00, 0x00, 0x00,
  0x00, 0x00, 0x00, 0x00, 0x00, 0x00, 0x00, 0x00, 0x00, 0x00, 0x00, 0x00, 0x00, 0x00, 0x00, 0x00, 0x00, 0x00, 0x00, 0x00, 0x00, 0x00, 0x00, 0x00,
  0x00, 0x00, 0x00, 0x00, 0x00, 0x00, 0x00, 0x00, 0x00, 0x00, 0x00, 0x00, 0x00, 0x00, 0x00, 0x00, 0x00, 0x00, 0x00, 0x00, 0x00, 0x00, 0x00, 0x00,
  0x00, 0x00, 0x00, 0x00, 0x00, 0x00, 0x00, 0x00, 0x00, 0x00, 0x00, 0x00, 0x00, 0x00, 0x00, 0x00, 0x00, 0x00, 0x00, 0x00, 0x00, 0x00, 0x00, 0x00,
  0x00, 0x00, 0x00, 0x00, 0x00, 0x00, 0x00, 0x00, 0x00, 0x00, 0x00, 0x00, 0x00, 0x00, 0x00, 0x00, 0x00, 0x00, 0x00, 0x00, 0x00, 0x00, 0x00, 0x00,
  0x00, 0x00, 0x00, 0x00, 0x00, 0x00, 0x00, 0x00, 0x00, 0x00, 0x00, 0x00, 0x00, 0x00, 0x00, 0x00, 0x00, 0x00, 0x00, 0x00, 0x00, 0x00, 0x00, 0x00,
  0x00, 0x00, 0x00, 0x00, 0x00, 0x00, 0x00, 0x00, 0x00, 0x00, 0x00, 0x00, 0x00, 0x00, 0x00, 0x00, 0x00, 0x00, 0x00, 0x00, 0x00, 0x00, 0x00, 0x00,
  0x00, 0x00, 0x00, 0x00, 0x00, 0x00, 0x00, 0x00, 0x00, 0x00, 0x00, 0x00, 0x00, 0x00, 0x00, 0x00, 0x00, 0x00, 0x00, 0x00, 0x00, 0x00, 0x00, 0x00,
  0x00, 0x00, 0x00, 0x00, 0x00, 0x00, 0x00, 0x00, 0x00, 0x00, 0x00, 0x00, 0x00, 0x00, 0x00, 0x00, 0x00, 0x00, 0x00, 0x00, 0x00, 0x00, 0x00, 0x00,
  0x00, 0x00, 0x00, 0x00, 0x00, 0x00, 0x00, 0x00, 0x00, 0x00, 0x00, 0x00, 0x00, 0x00, 0x00, 0x00, 0x00, 0x00, 0x00, 0x00, 0x00, 0x00, 0x00, 0x00,
  0x00, 0x00, 0x00, 0x00, 0x00, 0x00, 0x00, 0x00, 0x00, 0x00, 0x00, 0x00, 0x00, 0x00, 0x00, 0x00, 0x00, 0x00, 0x00, 0x00, 0x00, 0x00, 0x00, 0x00,
  0x00, 0x00, 0x00, 0x00, 0x00, 0x00, 0x00, 0x00, 0x00, 0x00, 0x00, 0x00, 0x00, 0x00, 0x00, 0x00, 0x00, 0x00, 0x00, 0x00, 0x00, 0x00, 0x00, 0x00,
  0x00, 0x00, 0x00, 0x00, 0x00, 0x00, 0x00, 0x00, 0x00, 0x00, 0x00, 0x00, 0x00, 0x00, 0x00, 0x00, 0x00, 0x00, 0x00, 0x00, 0x00, 0x00, 0x00, 0x00,
  0x00, 0x00, 0x00, 0x00, 0x00, 0x00, 0x00, 0x00, 0x00, 0x00, 0x00, 0x00, 0x00, 0x00, 0x00, 0x00, 0x00, 0x00, 0x00, 0x00, 0x00, 0x00, 0x00, 0x00,
  0x00, 0x00, 0x00, 0x00, 0x00, 0x00, 0x00, 0x00, 0x00, 0x00, 0x00, 0x00, 0x00, 0x00, 0x00, 0x00, 0x00, 0x00, 0x00, 0x00, 0x00, 0x00, 0x00, 0x00,
  0x00, 0x00, 0x00, 0x00, 0x00, 0x00, 0x00, 0x00, 0x00, 0x00, 0x00, 0x00, 0x00, 0x00, 0x00, 0x00, 0x00, 0x00, 0x00, 0x00, 0x00, 0x00, 0x00, 0x00,
  0x00, 0x00, 0x00, 0x00, 0x00, 0x00, 0x00, 0x00, 0x00, 0x00, 0x00, 0x00, 0x00, 0x00, 0x00, 0x00, 0x00, 0x00, 0x00, 0x00, 0x00, 0x00, 0x00, 0x00,
  0x00, 0x00, 0x00, 0x00, 0x00, 0x00, 0x00, 0x00, 0x00, 0x00, 0x00, 0x00, 0x00, 0x00, 0x00, 0x00, 0x00, 0x00, 0x00, 0x00, 0x00, 0x00, 0x00, 0x00,
  0x00, 0x00, 0x00, 0x00, 0x00, 0x00, 0x00, 0x00, 0x00, 0x00, 0x00, 0x00, 0x00, 0x00, 0x00, 0x00, 0x00, 0x00, 0x00, 0x00, 0x00, 0x00, 0x00, 0x00,
  0x00, 0x00, 0x00, 0x00, 0x00, 0x00, 0x00, 0x00, 0x00, 0x00, 0x00, 0x00, 0x00, 0x00, 0x00, 0x00, 0x00, 0x00, 0x00, 0x00, 0x00, 0x00, 0x00, 0x00,
  0x00, 0x00, 0x00, 0x00, 0x00, 0x00, 0x00, 0x00, 0x00, 0x00, 0x00, 0x00, 0x00, 0x00, 0x00, 0x00, 0x00, 0x00, 0x00, 0x00, 0x00, 0x00, 0x00, 0x00,
  0x00, 0x00, 0x00, 0x00, 0x00, 0x00, 0x00, 0x00, 0x00, 0x00, 0x00, 0x00, 0x00, 0x00, 0x00, 0x00, 0x00, 0x00, 0x00, 0x00, 0x00, 0x00, 0x00, 0x00,
  0x00, 0x00, 0x00, 0x00, 0x00, 0x00, 0x00, 0x00, 0x00, 0x00, 0x00, 0x00, 0x00, 0x00, 0x00, 0x00, 0x00, 0x00, 0x00, 0x00, 0x00, 0x00, 0x00, 0x00,
  0x00, 0x00, 0x00, 0x00, 0x00, 0x00, 0x00, 0x00, 0x00, 0x00, 0x00, 0x00, 0x00, 0x00, 0x00, 0x00, 0x00, 0x00, 0x00, 0x00, 0x00, 0x00, 0x00, 0x00,
  0x00, 0x00, 0x00, 0x00, 0x00, 0x00, 0x00, 0x00, 0x00, 0x00, 0x00, 0x00, 0x00, 0x00, 0x00, 0x00, 0x00, 0x00, 0x00, 0x00, 0x00, 0x00, 0x00, 0x00,
  0x00, 0x00, 0x00, 0x00, 0x00, 0x00, 0x00, 0x00, 0x00, 0x00, 0x00, 0x00, 0x00, 0x00, 0x00, 0x00, 0x00, 0x00, 0x00, 0x00, 0x00, 0x00, 0x00, 0x00,
  0x00, 0x00, 0x00, 0x00, 0x00, 0x00, 0x00, 0x00, 0x00, 0x00, 0x00, 0x00, 0x00, 0x00, 0x00, 0x00, 0x00, 0x00, 0x00, 0x00, 0x00, 0x00, 0x00, 0x00,
  0x00, 0x00, 0x00, 0x00, 0x00, 0x00, 0x00, 0x00, 0x00, 0x00, 0x00, 0x00, 0x00, 0x00, 0x00, 0x00, 0x00, 0x00, 0x00, 0x00, 0x00, 0x00, 0x00, 0x00,
  0x00, 0x00, 0x00, 0x00, 0x00, 0x00, 0x00, 0x00, 0x00, 0x00, 0x00, 0x00, 0x00, 0x00, 0x00, 0x00, 0x00, 0x00, 0x00, 0x00, 0x00, 0x00, 0x00, 0x00,
  0x00, 0x00, 0x00, 0x00, 0x00, 0x00, 0x00, 0x00, 0x00, 0x00, 0x00, 0x00, 0x00, 0x00, 0x00, 0x00, 0x00, 0x00, 0x00, 0x00, 0x00, 0x00, 0x00, 0x00,
  0x00, 0x00, 0x00, 0x00, 0x00, 0x00, 0x00, 0x00, 0x00, 0x00, 0x00, 0x00, 0x00, 0x00, 0x00, 0x00, 0x00, 0x00, 0x00, 0x00, 0x00, 0x00, 0x00, 0x00,
  0x00, 0x00, 0x00, 0x00, 0x00, 0x00, 0x00, 0x00, 0x00, 0x00, 0x00, 0x00, 0x00, 0x00, 0x00, 0x00, 0x00, 0x00, 0x00, 0x00, 0x00, 0x00, 0x00, 0x00,
  0x00, 0x00, 0x00, 0x00, 0x00, 0x00, 0x00, 0x00, 0x00, 0x00, 0x00, 0x00, 0x00, 0x00, 0x00, 0x00, 0x00, 0x00, 0x00, 0x00, 0x00, 0x00, 0x00, 0x00,
  0x00, 0x00, 0x00, 0x00, 0x00, 0x00, 0x00, 0x00, 0x00, 0x00, 0x00, 0x00, 0x00, 0x00, 0x00, 0x00, 0x00, 0x00, 0x00, 0x00, 0x00, 0x00, 0x00, 0x00,
  0x00, 0x00, 0x00, 0x00, 0x00, 0x00, 0x00, 0x00, 0x00, 0x00, 0x00, 0x00, 0x00, 0x00, 0x00, 0x00, 0x00, 0x00, 0x00, 0x00, 0x00, 0x00, 0x00, 0x00,
  0x00, 0x00, 0x00, 0x00, 0x00, 0x00, 0x00, 0x00, 0x00, 0x00, 0x00, 0x00, 0x00, 0x00, 0x00, 0x00, 0x00, 0x00, 0x00, 0x00, 0x00, 0x00, 0x00, 0x00,
};
inline const lv_img_dsc_t &argusLogoImage() {
  static const lv_img_dsc_t image = [] {
    lv_img_dsc_t d = {};
    d.header.cf = LV_IMG_CF_TRUE_COLOR_ALPHA;
    d.header.w = 96; d.header.h = 96;
    d.data_size = sizeof(argusLogoPixels); d.data = argusLogoPixels;
    return d;
  }();
  return image;
}
